,tokenId,marketplace,block,token,price,rarity
0,8507,seaport,17452752,WETH,45.5001,1894522593.6
1,6360,seaport,17452629,ETH,47.23265,1724974815.5950463
2,6891,blur,17452371,,45.54,33034156.13448
3,5609,blur,17452346,ETH,50.75495,56649961.29237119
4,2844,blur,17452125,,45.65,4763302967.404799
5,8152,blur,17452124,,45.65,1223251769.1727872
7,2970,blur,17452060,,45.68,18828577188.629997
8,2804,blur,17452059,,45.68,144411290.21826002
9,7784,blur,17452059,,45.68,1930639005.1799996
10,7062,blur,17451933,,45.7,4762381189.404
11,2255,seaport,17451919,ETH,3.98,15013507965.561596
13,5496,blur,17451258,,45.30235,6899469280.7039995
14,5673,blur,17451218,,45.30235,428619099.95519984
17,8284,seaport,17451013,ETH,1.99,5193706.967452079
20,753,blur,17450834,,45.54,17467908.269644804
21,4246,blur,17450831,,45.56,1613973137.574473
23,268,blur,17450819,,45.56,1194527039.5553415
26,7452,blur,17450808,,45.56,51585660.944140606
27,8882,blur,17450808,,45.56,82181061.82218239
30,4117,blur,17450243,,45.55,166632567.18648145
31,6408,blur,17450222,,45.55,116871345.21882597
32,552,blur,17450222,,45.55,614265069.1319999
33,5345,blur,17450221,,45.55,1800147577.5359995
36,3414,blur,17450168,,45.3322,15547246.706925161
37,1457,blur,17450158,,45.73,74908562.96956478
38,3145,blur,17450157,,45.73,470304982.4309759
39,759,blur,17450153,,45.73,13578752535.552004
42,7637,blur,17450044,,45.77,45353012.7891456
44,6093,blur,17450021,,45.54115,14248710.89145504
45,7665,blur,17449930,,45.74,1404741.5963611426
46,6117,blur,17449877,,45.73,1143678787.7277315
47,969,blur,17449870,,45.50135,52447043.26840524
48,7083,blur,17449867,,45.82,119192990.91453598
49,9066,blur,17449864,,45.82,14829805.152810687
50,3402,blur,17449864,,45.82,53393797.955780886
51,6930,blur,17449862,,45.92,115761944.63189235
52,9548,blur,17449859,,45.96,2119676528.1916227
53,7480,blur,17449859,,45.96,221311905.6456
54,2423,blur,17449859,,45.96,78611324.08409278
55,269,blur,17449859,,45.96,27119620403.336998
56,7387,blur,17449859,,45.96,37895337.93018758
57,170,blur,17449859,,45.96,56017821.459916785
58,1604,blur,17449859,,45.96,308163994.35621184
59,4799,blur,17449859,,45.96,561124656.3255092
60,6790,blur,17449859,,45.96,5852250413.100001
61,8201,blur,17449859,,45.96,7162598669.060998
62,9845,blur,17449859,,45.96,1721721545.523
63,8961,blur,17449859,,45.96,116631461.08556797
64,7116,blur,17449859,,45.96,5847421759.087998
65,6837,blur,17449859,,45.96,38599525656.1152
66,6371,blur,17449858,,45.96,250262866.91727352
67,7961,blur,17449858,,45.96,826607938.9005313
69,669,blur,17449858,,45.96,483669803.17270565
70,6076,blur,17449858,,45.96,484856380.8831599
71,5497,blur,17449858,,45.96,146624264.47475508
72,4284,blur,17449858,,45.96,765093338.9409744
73,1900,blur,17449858,,45.97,3178725.7858950016
74,4497,blur,17449858,,45.97,1235762788.2599998
75,6085,blur,17449858,,45.97,337645267.29132897
76,4295,blur,17449858,,45.97,175316844.269448
81,7167,blur,17449858,,45.98,131776129.8852768
93,5942,blur,17448690,,45.82,120990944.62087382
94,1622,blur,17448665,ETH,45.977955,16459805.53576748
97,9088,x2y2,17448528,ETH,46.0,70689247.23742802
112,9163,blur,17447537,,45.99,642814246.5881875
113,9056,blur,17447537,,45.99,12149112.063172596
118,8936,blur,17447413,,46.02,19327735544.832
119,6716,blur,17447412,,46.02,292470538.3019769
120,6470,blur,17447409,,46.02,217192175.456256
127,3883,blur,17447403,,46.02,142053773.30830592
128,322,blur,17447402,,46.02,187066088.13484794
130,2578,blur,17447401,,46.02,1048575891.9860228
157,7292,blur,17446007,,46.01,331037203.87555206
164,2508,blur,17445777,,46.06,57712830.94241279
172,8243,blur,17445772,ETH,45.97895,3998975161.0920005
177,8710,blur,17444289,,45.75,68360095.78442302
179,8803,blur,17444286,,45.75,10628085319.488
183,6170,blur,17444177,,45.94,1484441671.95
189,4164,blur,17443971,,46.16,816599871.2393122
207,3599,blur,17443967,,46.2,2729722350.7007995
209,3084,blur,17443966,,46.2,137059672.65812162
261,9886,blur,17441463,,46.22,482812309.7507
290,2836,seaport,17439627,ETH,47.481,2712854344.390042
292,4402,x2y2,17438666,ETH,45.75,301274428.13178617
300,7762,seaport,17436866,ETH,1.4925,14488158563.009995
301,7833,seaport,17436816,WETH,44.314725,6937315.515670556
330,5282,blur,17432574,,45.36,3469392672.299999
333,8984,blur,17432163,,45.35,10291687855.679996
338,4719,blur,17430824,,45.21,2058067302.6495998
346,6756,seaport,17430422,ETH,3.383,107842712318.0
347,3611,seaport,17430208,ETH,2.189,61456351.193501204
350,9581,blur,17430095,,45.22,2206394204.193001
362,2155,blur,17429481,,46.15,37168809.56438496
363,1729,blur,17429481,,46.15,363954165.8402588
364,1681,blur,17429470,,46.15,290793778.06602234
365,9816,blur,17429469,,46.17,718721970.9120001
371,5101,blur,17429462,,46.17,3939974240.0446773
380,428,blur,17429300,,46.17,1321103174.3024857
381,1032,blur,17429285,,46.26,5640335999.888398
382,3391,blur,17429281,,46.26,1184355149.2393417
386,6403,blur,17429267,,46.34,859327574.9733552
408,7380,blur,17427993,,46.64,204525380.30558404
409,560,blur,17427991,,46.65,3833700163.5419993
410,4205,blur,17427989,,46.65,64705840457.59999
411,5775,blur,17427988,,46.65,964141870.0798438
412,9314,blur,17427985,,46.65,856848152.1599998
428,1392,blur,17427522,,46.72,73587385180.80002
445,3013,blur,17427444,,46.76,1518658938.2714806
446,5871,blur,17427441,,46.76,646924486.21632
498,9057,seaport,17426074,ETH,48.75,36429324.52544001
588,3512,blur,17424006,ETH,49.2525,14588236792.640001
593,4478,blur,17423838,,46.94,1603510984.7909997
594,5409,blur,17423838,,46.94,38196974.786539786
632,1368,seaport,17422296,ETH,45.486,314657800.83939236
649,2941,blur,17421647,,46.74,11280341.973700797
653,1008,x2y2,17421474,ETH,61.0,63282205.21214591
741,4665,x2y2,17418391,ETH,56.0,16507361.98712328
770,5033,blur,17417942,ETH,46.51625,156829442.4488563
792,3601,blur,17416249,,46.43665,49209528.97677601
799,4871,seaport,17415238,ETH,1.24375,89232401.97231358
820,1070,blur,17413929,,46.73,12232830.459101474
831,6339,blur,17412506,ETH,55.27225,871043.3827533984
834,2260,blur,17410897,,46.42,215474372.94189513
836,4236,blur,17409908,ETH,51.675,27651121928.601597
875,8599,blur,17406664,,45.969,1721764828.9603996
876,4008,seaport,17406161,ETH,46.45655,16553658.846815998
877,4950,seaport,17405556,ETH,47.362,1657509675.8219998
901,2310,seaport,17402925,WETH,0.914926,19461736.106903996
960,1547,blur,17398345,ETH,47.01375,289346179.76782846
982,7999,x2y2,17397158,ETH,54.5,13023508852.224003
987,2505,blur,17396739,,45.92,4919871379.307295
1004,8562,seaport,17395133,ETH,49.44155,13309810.905076174
1020,6104,seaport,17390337,ETH,45.77,47861511238.815994
1029,8042,blur,17389740,,45.14315,85873367.52350965
1030,4663,blur,17389563,ETH,47.76,8107551367.570636
1042,6185,x2y2,17388356,ETH,58.5,215346798.54720002
1047,1466,x2y2,17388038,ETH,54.0,19678223.001024004
1051,6515,blur,17386946,,45.2,63100945331.189995
1053,3102,blur,17386919,,45.28,2478289100.463001
1057,584,blur,17386883,,45.29,32296340044.8
1062,8227,blur,17386604,,45.29,1742058153.9190764
1066,4066,seaport,17386474,WETH,116.0,18890824.8050368
1070,1786,blur,17386263,ETH,47.35205,62629062.216509864
1078,9322,seaport,17385648,ETH,45.6,4026502596.5474596
1079,3545,blur,17385573,,45.26,52734215.30262858
1080,6604,blur,17385571,,45.27,1773286994.5190399
1081,3198,blur,17385570,,45.28,2098755116.5653815
1083,4198,blur,17385568,,45.29,279914899.08011764
1086,1399,blur,17385567,,45.31,636033432.9027994
1096,5430,blur,17385559,,45.33,41736175129.715195
1124,6492,seaport,17382451,WETH,49.0,24495095.29861984
1182,2382,blur,17378869,ETH,45.221755,817510500.9528911
1190,1239,seaport,17376928,ETH,46.98585,1609790112.828621
1197,9001,blur,17376199,,45.27,11576123.230391998
1211,3782,seaport,17374463,ETH,45.03,7061624.938368
1219,5063,blur,17374242,,45.27,9154845.065741975
1247,1805,blur,17369068,ETH,48.755,170447485.94158882
1262,9128,blur,17368805,,44.96405,25556368.788637772
1281,5493,seaport,17365270,ETH,44.175,77418761.828496
1282,177,seaport,17365270,ETH,44.156,83868482.2492088
1306,8230,seaport,17361994,,1e-18,6261674170.751999
1315,5272,x2y2,17361062,ETH,45.0,26239687.723700996
1327,3481,blur,17360235,,45.09,1016463820.8231936
1365,1689,x2y2,17355038,ETH,52.0,6321301.995770436
1380,5257,seaport,17352408,ETH,46.32,22478040.50722334
1383,1659,blur,17352077,,45.27,71602312.733952
1393,7285,seaport,17351114,ETH,48.24755,50749906.21116415
1421,6013,blur,17348225,,45.5,46441816425.21601
1422,4541,seaport,17347910,ETH,44.65,15843621.183390003
1423,4999,seaport,17347887,ETH,50.39775,140140141.36615413
1439,6646,blur,17339949,,44.70535,251507296.035072
1440,6151,blur,17339668,ETH,57.71,282336799.8552255
1443,4827,blur,17338693,ETH,45.3375,351760432.56119645
1445,6425,blur,17336810,,45.00385,2688542095.902474
1449,2002,x2y2,17332226,ETH,59.0,19324223.8992576
1450,6153,x2y2,17331801,ETH,58.0,72239369.90699518
1465,8584,seaport,17330082,ETH,47.76,3153925298.16
1466,4854,seaport,17330001,ETH,47.2625,332685462.65827703
1468,8819,seaport,17329164,ETH,45.3375,2835020145.996
1469,8557,seaport,17329164,ETH,46.2675,1120382072.3479998
1476,1080,blur,17327324,,44.62575,624712346.1812701
1494,7733,seaport,17326216,ETH,45.825,29865814929.984
1495,3060,x2y2,17325827,ETH,46.249999,9898527.706829656
1513,563,x2y2,17323064,ETH,50.0,107077024560.0
1518,2857,seaport,17322685,ETH,93.1,6021462965.056001
1521,8412,blur,17322559,ETH,45.16305,1747955817.418637
1534,1948,blur,17320864,,44.4367,359785429.8468095
1566,7031,seaport,17309512,ETH,48.10825,137368311814.65599
1567,807,blur,17308544,,45.0735,8986814457.465601
1568,2257,blur,17308439,,45.2725,71838781.193088
1577,243,seaport,17306244,ETH,52.6156,36003791.440512
1583,8969,seaport,17301081,ETH,46.09835,378843690.49664944
1585,994,x2y2,17296514,ETH,52.0,241579066.75302404
1586,6921,seaport,17296238,ETH,50.1393,881352972.6493183
1588,7851,seaport,17295760,,1e-18,19768070469.369602
1590,2333,seaport,17293640,ETH,71.78,74597817.62028961
1592,8038,seaport,17291868,ETH,62.09775,12286932842.905602
1594,6988,seaport,17288399,ETH,0.74625,211731442.0661927
1596,3140,blur,17288218,ETH,48.00875,266796469.69322753
1601,4847,blur,17286692,ETH,45.56105,346516798.90830904
1608,4431,blur,17286144,,45.12325,1026904291.776
1611,1221,seaport,17285374,ETH,48.45,4699933.200426209
1613,9109,blur,17283564,,45.0735,12792236412.945599
1622,559,seaport,17281049,ETH,63.375,148774018.826895
1623,4001,blur,17280765,ETH,51.74,261061667.67471844
1624,8833,seaport,17279972,ETH,46.73515,11575816731.648003
1625,7583,seaport,17279273,ETH,49.75,158723498.64216384
1627,7294,blur,17278235,ETH,49.44155,82845920.83768003
1628,3118,seaport,17278186,WETH,60.0,923972385.3179586
1629,7133,blur,17277583,ETH,48.6356,4564483147.84
1630,7836,blur,17275890,ETH,46.01875,13220296828.232996
1631,8043,blur,17275737,ETH,48.2376,1118614725.1851265
1634,9310,seaport,17275167,WETH,60.0,6853560.039462499
1635,2500,blur,17275041,ETH,45.66055,17007119252.479998
1637,9910,blur,17274159,ETH,45.7501,4201648.178982507
1639,8512,blur,17274146,ETH,44.90435,21559850544.8448
1640,2679,blur,17274144,ETH,44.90435,599100514.3418803
1643,5174,seaport,17273363,ETH,16.915,53621332.67585094
1644,2837,blur,17272662,ETH,44.775,56658851.67179249
1656,5042,blur,17272428,,44.8944,26307590.485085327
1657,4410,blur,17272428,,44.8944,8438434599.898276
1658,3407,seaport,17271580,ETH,47.4905,34289967.4521096
1659,4112,blur,17271493,,45.173,294658685.34102
1660,4686,blur,17271493,,45.173,149414066.97246718
1662,466,seaport,17271097,ETH,95.06,519828631.6031999
1663,4082,seaport,17270952,ETH,53.075,4123526.770755231
1665,9712,blur,17270735,ETH,45.87945,2632493651.2143354
1670,5328,blur,17270308,,45.9889,24036392.55102443
1672,2749,blur,17270186,,46.24,1102954330.8336384
1675,3796,blur,17269361,ETH,47.75005,58872638.11002843
1678,3918,blur,17268610,ETH,53.2325,737118461.8598399
1680,8086,seaport,17267754,ETH,47.775,3057140750.288487
1687,1685,blur,17267083,ETH,48.4565,1230391378.259699
1688,8872,blur,17267070,ETH,47.4615,321142513.91186255
1690,439,blur,17266979,ETH,48.399984,405305315.4685408
1695,7528,blur,17266967,ETH,48.2575,157132270.08556563
1700,4980,x2y2,17266485,ETH,530.0,69024.88005753602
1702,2118,x2y2,17263017,ETH,51.0,709025896175.9999
1703,2602,seaport,17262675,ETH,48.62565,30289157.85183515
1704,2900,blur,17262492,ETH,49.00375,612531378.561024
1705,5691,blur,17261759,,44.8745,4695355222.271999
1708,7230,blur,17260023,ETH,46.2675,10906266908.68
1709,4239,seaport,17259469,ETH,52.25,2143953630.0
1710,9695,seaport,17258336,ETH,46.2675,951209031.7566721
1717,5044,seaport,17257034,ETH,47.94905,1168820410.909536
1719,5151,seaport,17255833,ETH,29.85,174371748.30915838
1720,262,seaport,17255749,ETH,46.7451,5752885324.0320015
1721,791,seaport,17254293,ETH,47.5,6904625142.239999
1726,633,blur,17252505,ETH,46.367,407044791.275472
1727,3939,blur,17252505,ETH,45.77,980021125.1165192
1728,390,blur,17252505,ETH,46.75505,1866391658.1551077
1729,3318,blur,17252505,ETH,46.400034,28520760.213045113
1730,2495,blur,17252076,ETH,45.7501,3702430576.7679996
1731,8256,blur,17251790,ETH,54.57575,34050754429.999992
1733,4318,blur,17250934,ETH,43.9999945,98414736.75264
1734,1374,blur,17250934,ETH,43.979,291519200.22875994
1735,4339,seaport,17250934,ETH,44.2775,207228788.68423682
1736,5368,seaport,17250702,WETH,50.0,68569906.81464002
1737,6268,seaport,17250373,WETH,45.0,8453075.806656003
1745,2841,blur,17244929,ETH,43.78,1892976849.3843188
1746,6289,seaport,17244867,ETH,45.74015,2504365.7728320006
1749,6805,blur,17242186,ETH,195.0,3183538.7422566
1751,6384,x2y2,17241204,ETH,56.0,9216795601.305601
1752,184,blur,17241128,ETH,46.2277,30723561.689534996
1754,4900,seaport,17238456,ETH,43.875,41648557.072551005
1755,1500,blur,17237982,ETH,44.2775,45314751.45599999
1758,1161,blur,17237662,ETH,46.2675,125005804.65852694
1759,377,blur,17237630,ETH,46.7649005,96060493.11995135
1760,7717,seaport,17237602,ETH,45.2725,649503445.5529803
1762,1937,blur,17237422,ETH,46.71525,5297978803.7484
1763,8990,blur,17237200,ETH,44.7500255,760895403.2922527
1764,5454,blur,17237083,ETH,44.46655,5674788856.8624
1766,3799,blur,17237042,ETH,48.44655,25176145.13774976
1776,6795,x2y2,17236535,ETH,44.5,540128449.096704
1777,9523,blur,17236203,ETH,43.8795,68516022156.4416
1779,522,blur,17235437,ETH,41.2925,14025780550.962
1783,3885,blur,17234787,ETH,45.0735,255877995.225078
1787,4942,blur,17234500,ETH,45.2725,36850559942.4768
1788,6629,blur,17234430,ETH,42.188,1997426226.4247608
1789,2362,seaport,17234426,ETH,42.0089,1414368.6112299743
1790,3020,blur,17234412,ETH,42.27755,26497190638.17539
1791,6879,seaport,17234392,ETH,45.77625,88903844.33562253
1792,7438,blur,17234360,,40.92435,38108369.44326719
1793,3490,blur,17234231,ETH,44.76505,982473410.928979
1798,2775,blur,17233701,ETH,40.9741,2002289737.3839357
1799,3408,blur,17233623,ETH,40.966936,13260388469.935204
1800,8475,blur,17233452,ETH,41.28255,69183145.13678567
1802,8203,blur,17233246,,40.06865,2823780.3257324435
1806,1071,x2y2,17232983,ETH,53.5,36987610.061304
1811,1180,x2y2,17232442,ETH,55.0,1563543.8789160957
1814,1744,blur,17231946,ETH,41.28255,726583399.686144
1816,3575,blur,17231656,ETH,49.75,640458071.245724
1822,9898,blur,17231046,ETH,41.2925,39401053.80569257
1823,910,blur,17231046,ETH,41.2925,23412942758.50199
1824,4778,blur,17231046,ETH,41.2925,231662851.6647117
1825,1710,blur,17231046,ETH,41.2925,8335729967.558399
1827,9823,blur,17230797,ETH,40.4999825,28715846.394700795
1831,762,blur,17230551,ETH,42.2875,50924659.846394874
1833,5991,blur,17230515,ETH,42.2875,85916331.59790815
1839,8868,blur,17230350,ETH,43.0000195,4197596878.9472256
1841,9307,blur,17230248,,41.6706,359780762.17891806
1846,7936,seaport,17228887,ETH,53.35,3905327560.153743
1849,4193,seaport,17227368,ETH,53.625,2666247065.4926744
1851,2830,blur,17227161,,42.3225,7273019.07142272
1853,1970,seaport,17225120,WETH,42.2388,71147313.4068928
1854,4856,seaport,17225119,ETH,42.785,255659162.36636162
1859,7140,blur,17224765,,42.984,500230963.60174066
1860,2044,blur,17224718,,43.21285,632705323.7110943
1862,6483,seaport,17224253,WETH,51.0,435600570.3
1869,4142,blur,17223484,ETH,47.76,1720020930.705
1870,9297,seaport,17223390,WETH,46.42,8963863.47459789
1871,3087,seaport,17223127,ETH,47.23265,441853636.49602556
1873,9106,seaport,17222799,ETH,45.76005,6333429649.5
1880,2974,x2y2,17220311,ETH,45.07,111049618.54694399
1884,373,x2y2,17219878,ETH,53.42,16246638888.479998
1885,731,blur,17217872,,45.42175,1007915061.4368001
1886,4682,x2y2,17217747,ETH,47.0,263751552.52766088
1890,342,seaport,17215150,ETH,49.4,75874249.7798947
1893,5612,x2y2,17213449,ETH,48.5,112674270.641856
1894,7013,x2y2,17213429,ETH,49.0,115252486.98143956
1899,2648,seaport,17212877,ETH,48.5,138795690.4220016
1901,6774,blur,17212797,,46.61575,445126036.4494018
1902,7830,blur,17212551,ETH,48.0386,7559903139.333529
1907,7947,blur,17210430,ETH,47.5700545,8180296242.271999
1911,3273,blur,17207767,ETH,50.2000385,71709368.96175835
1915,4855,blur,17207368,,47.1033,129096685.8172032
1916,7634,seaport,17207285,ETH,50.35,45474522.28956001
1922,2951,blur,17205613,,47.2028,317041736.9986943
1925,2903,x2y2,17203676,ETH,50.0,37310458.045932
1928,9968,blur,17202861,ETH,47.959,1819531135.0031905
1931,9030,seaport,17200017,ETH,48.75,20673096.75682707
1932,5746,blur,17199482,ETH,48.2575,487348598.528
1936,8168,seaport,17196654,ETH,2.985,29128092.092025306
1938,1640,blur,17195943,,46.77495,6130298724.026504
1943,5319,blur,17195679,ETH,49.4515,91697646042.24
1958,1191,blur,17191632,ETH,49.9291,262505802.03376314
1959,5119,blur,17191628,,48.4167,4179402056.7000003
1961,7951,blur,17191244,,48.4167,1606927909.2378626
1962,4977,blur,17191063,,48.4167,75466617302.20802
1966,1211,blur,17191051,,48.4167,6892768967.884801
1968,1939,blur,17191051,,48.4167,20550732.239700004
1974,2276,x2y2,17189844,ETH,58.0,155116811817.99997
1987,6973,blur,17189078,,49.3719,37938241359.0576
1992,6386,blur,17187006,,49.3321,63977840.02209603
1994,8260,seaport,17184724,ETH,52.865,910426.7548557719
1995,5699,x2y2,17184649,ETH,57.75,393540.4162515773
1997,2216,x2y2,17184178,ETH,50.75,382961158.97443074
2001,2721,x2y2,17183632,ETH,49.55,5518866127.320001
2005,3095,seaport,17183164,ETH,50.2475,209302517.44550404
2014,6647,blur,17177598,ETH,51.07335,2939491310.5152006
2022,3644,blur,17175814,,50.3271,140848954.169616
2028,6026,blur,17174211,ETH,50.745,78190981.39012158
2030,3473,seaport,17174137,WETH,1.25,1039104110.5020001
2035,231,blur,17173875,,50.29725,55897564.847871594
2039,9027,x2y2,17173793,ETH,55.0,56690269.627782576
2040,7723,x2y2,17173770,ETH,50.8,261168192.5007837
2043,8372,blur,17173180,ETH,50.6256,9820313743.68
2052,9469,seaport,17172978,ETH,48.75,198740925.23781595
2054,4990,blur,17172497,,49.2525,3926163086.1134005
2056,5902,blur,17172489,,49.2525,1824822946.0044
2057,8801,seaport,17172303,WETH,0.9550046,183709937.99743202
2060,2976,seaport,17171779,ETH,48.6525,16997906.194679003
2065,1403,seaport,17171428,ETH,49.5311,98411019.17636928
2069,4974,blur,17170968,ETH,49.152951245,14850793460.88
2071,8653,seaport,17170762,ETH,46.835,361311957.4455865
2075,4908,seaport,17169741,ETH,47.775,7725396.642726039
2076,811,seaport,17168523,ETH,343.96155,12527830.6287288
2079,2788,seaport,17168283,ETH,13.134,36370003.102400005
2080,7692,x2y2,17168163,ETH,48.25,34894558.31800138
2081,1721,seaport,17167995,ETH,48.75,237819158.54647806
2082,279,blur,17167931,ETH,49.74005,362177152.831688
2089,6134,blur,17167810,ETH,47.0635,62488921.31368056
2090,1811,x2y2,17167589,ETH,63.0,700789707960.0
2099,7964,x2y2,17166051,ETH,65.0,76937515.98483455
2100,2120,seaport,17166027,ETH,31.84,249686881.47972086
2103,3820,blur,17163043,ETH,47.09335,315724406.0981472
2104,5315,blur,17162491,ETH,60.7945,165860.39947831954
2105,2835,blur,17161083,,46.09835,19584778.46921904
2106,7041,blur,17160895,ETH,47.11325,45857707.39630079
2121,8378,blur,17160180,,47.29235,532127909.9620915
2123,9446,seaport,17159651,ETH,2.4875,343900272.97196996
2127,2519,blur,17157596,ETH,51.73005,8121206.175775106
2135,3973,blur,17156610,,47.6605,145392096.92381597
2142,2349,blur,17154452,ETH,51.2425,12478132719.360003
2143,5740,seaport,17154146,ETH,48.9725,12866576003.1744
2144,911,seaport,17154079,ETH,49.20275,393836121.40672797
2146,6672,seaport,17151828,WETH,52.0,100726068.26358998
2151,3864,x2y2,17149804,ETH,58.0,27792880.616077498
2153,3676,seaport,17147583,ETH,50.69525,310321175.590272
2154,3867,x2y2,17146807,ETH,55.0,87076858.27692886
2155,368,seaport,17145921,WETH,51.5,444591494.981591
2162,3680,seaport,17142184,WETH,60.00004999999999,464964494.4000001
2163,4042,blur,17142102,ETH,66.665,316351.57339932246
2164,4836,seaport,17140467,ETH,42.785,854472874.0132567
2167,5403,seaport,17139767,ETH,1.4925,446270723.417756
2172,6918,x2y2,17138637,ETH,105.0,44526171.74285279
2173,8690,seaport,17135885,ETH,18.905,73353704.8300056
2174,7075,blur,17135589,ETH,55.27225,666737149.3937281
2183,6603,blur,17133177,,49.66045,25563154.359599996
2187,1447,x2y2,17133024,ETH,100.0,3361681.084507199
2193,2207,x2y2,17131829,ETH,52.0,108407124229.00798
2198,490,x2y2,17129736,ETH,66.0,4551202.0186667275
2199,5853,seaport,17129339,ETH,39.3025,3759759253.7568007
2200,2256,blur,17129210,ETH,53.68025,35705802483.8976
2201,915,blur,17127930,ETH,51.59075,336078188.4238272
2204,2503,blur,17127642,ETH,50.3271,1358365577.1184797
2206,251,blur,17127492,ETH,68.655,939282587.4432
2210,6721,blur,17126608,ETH,53.2325,6279901.81320858
2212,1650,seaport,17125912,ETH,56.7055,457087075.636191
2224,5460,seaport,17120878,ETH,50.7,69222741.69000958
2226,7403,blur,17119790,ETH,210.94,8233856.153994239
2227,3275,x2y2,17119789,ETH,200.0,547279.953546942
2232,3745,seaport,17117072,ETH,50.6825,91984553.73132479
2235,5393,seaport,17115320,ETH,54.15,438029046.5533012
2236,7593,blur,17113415,ETH,54.725,23809309591.6224
2237,6334,blur,17113368,ETH,57.2125,373269449.466144
2241,3136,blur,17112752,,50.5062,23217535822.8
2242,551,blur,17112456,ETH,51.98875,249769318.97796482
2248,4752,blur,17111206,ETH,52.138,291714466.92695993
2251,9475,blur,17110783,ETH,51.6555,18464332.73487345
2254,6311,seaport,17110666,ETH,52.2405,62012183.37267798
2257,6910,seaport,17110310,ETH,53.625,12617609.498207998
2258,2859,x2y2,17110139,ETH,50.95,3683378041.247999
2265,4023,blur,17109791,ETH,50.184815,39977962.62077912
2267,8240,seaport,17109338,ETH,55.07775,142642734.47586358
2268,9590,seaport,17109123,ETH,53.22255,137661339.39893278
2269,4530,seaport,17108927,ETH,53.075,9390192.786121516
2270,4650,blur,17108398,ETH,53.73,29678593057.344
2271,4208,blur,17108331,ETH,54.724005,241782022.95231605
2272,6125,blur,17108290,ETH,51.69025,1217688685.6176002
2273,9748,seaport,17107389,ETH,53.35,5829978262.767771
2276,1421,x2y2,17107056,ETH,63.0,776752790.6742913
2277,1484,seaport,17106953,ETH,52.62555,1397870346.5593572
2285,5397,blur,17105199,ETH,50.1977301,8453002943.363999
2286,5266,seaport,17105135,ETH,49.725,4904851581.63
2287,1467,seaport,17105120,ETH,0.4975,761913222.3639553
2289,1703,seaport,17104544,ETH,55.1,624007699.076916
2292,5432,seaport,17104466,ETH,14.925,507801922.46783984
2294,1007,x2y2,17104271,ETH,49.9,4640835741.696
2300,9454,seaport,17104102,ETH,53.04,663686549.5216601
2302,9211,seaport,17103811,ETH,50.63555,170078050.90214399
2306,583,blur,17103273,ETH,49.10325,381022812.70819914
2307,3162,seaport,17103077,ETH,9.95,1455308588909.9998
2309,4429,blur,17103017,ETH,48.60575,399436715.2757058
2313,9520,blur,17102887,ETH,52.2375,29212040.438812528
2315,5839,blur,17102570,ETH,78.38805,28722009.598369915
2319,9525,blur,17102459,ETH,48.755,31612708.87999057
2320,6765,blur,17102417,ETH,52.4365,95878721.02635087
2324,5087,blur,17102227,ETH,51.9589,571169887.3157222
2325,4006,x2y2,17102085,ETH,54.0,1016224463.4922597
2326,568,x2y2,17101725,ETH,55.0,13201295869.440002
2333,9979,blur,17101237,ETH,52.735,628659601.0695
2335,124,blur,17101009,ETH,49.10325,98830844.46775801
2339,5093,seaport,17100925,ETH,74.5255,35561926400.0
2340,2122,blur,17100769,ETH,55.72,4515707800.296
2341,8523,blur,17100420,ETH,49.75,291784797.1584
2342,6162,blur,17100333,ETH,48.755,2642234563.76544
2344,5304,blur,17100271,ETH,49.75,116547561.57153782
2346,923,blur,17100256,ETH,49.2525,120494668.93865712
2347,7468,blur,17100256,ETH,49.2525,1480850599.2893178
2348,7465,blur,17100256,ETH,48.4900315,158294899.09665427
2349,6920,blur,17100256,ETH,47.2625,1472647804.5563855
2350,6309,blur,17100256,ETH,48.6555,1583154806.025581
2351,5693,blur,17100256,ETH,49.2525,13224718890.395998
2352,5005,blur,17100256,ETH,47.43165,1977762462.6842363
2353,3397,blur,17100256,ETH,49.2525,12050421222.816
2354,326,blur,17100256,ETH,47.76,235984352.03481597
2356,6247,blur,17099889,ETH,47.75005,8137232952.7632
2357,7813,seaport,17099887,ETH,52.68525,126849632.12492679
2361,2782,blur,17099152,,46.765,23764723385.356796
2363,956,blur,17098555,ETH,48.4999815,101904433.0838688
2383,9264,blur,17097223,ETH,46.2675,116773277.642016
2387,5781,seaport,17096968,ETH,48.75,137525045.89824
2389,8809,seaport,17096954,ETH,52.64025,8086548101.587175
2390,7404,blur,17096924,ETH,44.2775,135556911.65918997
2391,4773,x2y2,17096893,ETH,48.0,5435499901.44
2394,7575,blur,17096527,ETH,46.000044,597002176.4999291
2395,2418,blur,17096517,ETH,46.11825,28455783.803166717
2396,9448,seaport,17096414,ETH,52.25,239275914.19199997
2404,1020,seaport,17096114,ETH,46.0287,31132660764.096
2406,3454,seaport,17095854,WETH,48.9845,3234228.637151724
2413,9980,seaport,17095652,WETH,53.0,1409969647.404
2414,2342,blur,17095648,,45.4317,162695654.16377655
2417,5733,seaport,17095581,WETH,69.0,273738753.68840003
2418,9611,blur,17095522,ETH,46.000044,520835159.55744
2420,2413,blur,17095459,ETH,46.000044,140541477.24429598
2421,6215,seaport,17095387,WETH,46.26,8354486.653332019
2432,6679,seaport,17094855,ETH,47.75005,31547977.185309906
2433,1155,seaport,17094747,WETH,0.04669,9819629.992049849
2438,1642,blur,17094280,ETH,47.859301,7197999627.168001
2439,8234,blur,17094277,ETH,53.73,129576533.08279678
2440,4361,blur,17094232,,47.3421,6582341.074008269
2451,6727,blur,17093366,ETH,49.6505,252103878.08198208
2454,766,blur,17092064,ETH,48.24755,14016344661.720005
2456,2478,seaport,17092023,ETH,48.2973,221123115.01980698
2464,6398,blur,17091132,ETH,47.7401,3897781254.66114
2473,8487,x2y2,17090182,ETH,57.69,289202570.36199933
2486,5230,x2y2,17089554,ETH,300.0,804904.8900921261
2493,4817,seaport,17088888,ETH,50.9613,92904434.7626592
2509,1348,seaport,17087444,ETH,51.93701,92160755.270584
2510,8058,seaport,17086212,ETH,58.5,1345106.376516894
2516,1192,blur,17085101,ETH,50.745,466825868.8014854
2517,5977,blur,17085082,ETH,51.541,11530421.89725888
2520,3501,seaport,17084968,ETH,55.41155,535866.799927163
2524,9457,seaport,17084136,WETH,57.0,1786907.08152
2528,6955,blur,17083533,ETH,49.6505,100189872.29298298
2530,7007,seaport,17083351,USDC,1.04e-07,261369322.29407996
2532,1510,blur,17083258,,48.46645,34510371.5268
2535,6935,blur,17082970,ETH,51.9788995,269468760.0241097
2536,9729,blur,17082945,ETH,50.843505,328403499.24095994
2537,2300,blur,17082796,,49.7699,154180227.99009597
2542,2070,blur,17082195,,50.7649,90578597.337396
2546,3455,blur,17082181,ETH,57.26225,472575708.5280001
2547,5443,seaport,17082047,ETH,56.55,2556321.3226452135
2554,3692,blur,17081112,ETH,55.27225,8660315.723629668
2556,7433,blur,17080855,ETH,54.725,11760900.985272458
2561,7639,seaport,17079879,WETH,1.325,62608247.7644208
2563,904,blur,17077828,,51.8395,9287589260.083202
2567,3574,blur,17077346,ETH,52.0385,99466227.22046974
2569,7272,blur,17077155,ETH,55.72,5259729.7368
2572,2135,blur,17077004,ETH,52.2375,111748004.7318835
2574,3077,seaport,17076805,WETH,66.0,2035708570.7021525
2575,1747,seaport,17076581,ETH,60.8,17498256587.3808
2576,1128,seaport,17076523,ETH,52.34775,21154152719.024
2577,4668,seaport,17076360,ETH,55.67025,61875904.2728949
2578,6491,blur,17075452,,52.138,2827782951.839999
2579,7188,blur,17075228,,52.138,50273969.22756
2580,2405,blur,17075216,,52.138,212649185.08080003
2581,70,blur,17075216,,52.138,3222743129.7599998
2582,804,seaport,17075155,ETH,53.1375,1495785826.2780929
2585,3949,blur,17074912,,52.24745,433016312.6697407
2587,7880,blur,17074542,ETH,59.171655,1523913.182785607
2593,812,seaport,17073339,ETH,56.2175,26763101.309947494
2594,8555,x2y2,17073097,ETH,77.0,1108575118.4819999
2595,8216,blur,17071947,ETH,55.67025,489205839.348695
2597,3056,seaport,17071530,ETH,0.995,20496801646.656002
2604,5391,x2y2,17070658,ETH,55.3,271245030395.43677
2605,9616,blur,17070592,ETH,53.73,1549490475.0779996
2609,8064,x2y2,17070525,ETH,53.5,15662481601.536003
2611,3241,blur,17070392,ETH,56.704055,1014697373.1264
2615,6653,x2y2,17070022,ETH,62.5,14120629.046783999
2618,410,blur,17069547,ETH,55.123,1628438326.6799996
2621,1792,blur,17068962,ETH,53.87925,187262310.69906357
2624,8380,seaport,17067957,ETH,53.87925,324621294.31123203
2625,6041,blur,17067950,ETH,56.40655,1540320054.991594
2639,447,seaport,17066814,ETH,55.0235,4170008438.627271
2640,2934,seaport,17066784,ETH,59.2025,1974646865.4544902
2641,5411,blur,17066461,ETH,55.674031,3668644.614870143
2645,3559,seaport,17065522,ETH,53.01855,39217128.21040906
2646,9625,blur,17065511,ETH,53.929,60504663910.383
2649,8528,seaport,17064928,ETH,54.71505,99221197.23622152
2651,3266,seaport,17064853,WETH,70.0,36533527.19976961
2653,9458,seaport,17064316,ETH,53.01855,4548279.783762225
2654,8905,blur,17064274,ETH,57.4999555,10581497.901688322
2656,1347,blur,17063927,ETH,53.42155,144365884.77935523
2657,3076,blur,17063902,ETH,55.679205,1246335065.1550653
2661,1810,blur,17062954,ETH,53.470305,41833186.62631202
2662,3176,blur,17062241,,53.2325,6216565572.18
2663,1030,blur,17062177,,53.2325,182215948.8296829
2666,9073,blur,17061988,ETH,53.58075,1912874723.55648
2667,3637,blur,17061528,ETH,57.699055,12535755474.176
2671,3787,blur,17061160,,53.2325,61253733.67145997
2672,8232,blur,17061141,,53.2325,4543425560.539799
2677,7232,x2y2,17060923,ETH,62.0,12905199801.647997
2683,3308,seaport,17059920,ETH,68.34655,72303518.90860796
2684,7351,blur,17059703,ETH,54.107105,43554708.205596
2685,764,blur,17058786,ETH,53.68025,208077660.3372192
2687,4716,blur,17058527,ETH,57.2125,1568979.9219058128
2689,3192,seaport,17058276,ETH,72.75,76459526.56485
2690,5753,blur,17057443,ETH,53.42155,6694864825.521599
2692,1993,blur,17057054,ETH,53.52105,2446204892.9826827
2697,3621,blur,17056439,ETH,53.5509,1898009955.177336
2699,1587,blur,17055818,ETH,58.2075,12388450.664222205
2703,5337,blur,17055336,,52.934,858320948.3172477
2704,882,blur,17055287,,52.934,298941058.0204465
2705,7799,blur,17055286,ETH,53.332,3959605707.707999
2706,3034,blur,17055282,,52.934,152158394.69446343
2707,3423,blur,17055265,ETH,53.42155,1836134451.3857908
2708,3452,blur,17055262,,52.934,39473892.280368
2710,9323,blur,17055100,,52.934,645538093.831092
2711,6074,blur,17054973,,52.934,227635041.30074397
2712,8723,blur,17054970,,52.934,63518572.7850643
2713,1463,blur,17054967,ETH,53.4214505,288031014.80170196
2717,3539,blur,17054955,,53.4315,59393917569.312004
2718,9145,blur,17054892,,53.4315,8155671.055129937
2719,4033,blur,17054886,,53.4315,37504961956.8
2720,9856,blur,17054866,,53.4315,1659945391.1860018
2721,7050,blur,17054861,,53.4315,5823244871.3472
2722,7810,blur,17054851,,53.4315,89225933319.8592
2723,7867,blur,17054830,,53.4315,167469427.69127995
2724,4492,blur,17054821,ETH,54.128,10527746.098580483
2725,6143,blur,17054809,,53.4315,1254911677.12122
2726,941,blur,17054778,,53.4315,191587102.13174397
2728,1550,blur,17054692,ETH,54.128,184766254.11256322
2730,4408,blur,17054668,,53.4315,1549889083.4499073
2739,1460,blur,17054654,,52.377,4189353.400509729
2741,1388,blur,17054654,,52.377,12230164.259212496
2759,4824,seaport,17054278,ETH,58.383,20709240611.699203
2761,5423,x2y2,17053888,ETH,71.0,366707731896.0
2762,2902,blur,17053768,ETH,82.57505,28365843.06262784
2764,5037,blur,17053537,ETH,54.2275,42239319.03325854
2766,8916,blur,17053512,ETH,58.0000425,15990920.900119968
2772,3277,blur,17053292,ETH,53.68025,335510925.6964607
2773,665,seaport,17053252,ETH,54.7028115,18513188.825824004
2776,229,seaport,17053089,ETH,54.7051,18122213.932147965
2782,7335,blur,17052735,ETH,52.6095305,3309062706.5303807
2783,9061,blur,17052372,ETH,54.71505,189782872.82071036
2785,4677,seaport,17051663,ETH,54.725,104827839.86889291
2786,4906,blur,17050850,ETH,52.934,92587630.4261536
2787,6556,seaport,17050279,ETH,53.32275,16004068089.779198
2788,5986,blur,17050128,ETH,52.6095305,13910087033.387999
2790,7523,x2y2,17048775,ETH,53.85,9500298.876088003
2795,2037,blur,17047889,ETH,52.612615,90713890.89285602
2804,2946,seaport,17046930,ETH,58.5,477090.9376244294
2805,6816,blur,17046387,ETH,52.735,25620261.865380004
2808,4090,x2y2,17046338,ETH,55.5,8058335.916119997
2815,4865,blur,17046020,,52.2375,7437383366.399998
2816,8665,blur,17045754,ETH,53.0335,17094713867.3784
2819,1408,blur,17045141,ETH,52.735,149160921.46036226
2820,6372,blur,17044971,ETH,54.71505,335136856.3688375
2829,3030,seaport,17043791,ETH,53.835,130041602.96709596
2830,1092,blur,17043695,ETH,56.282772,535973010.0982964
2831,5992,seaport,17043322,ETH,58.6055,1720896.1562913116
2835,1927,blur,17042778,,51.74,5569818.9019704005
2837,9229,blur,17042742,,52.98375,157267019.66157004
2839,9021,blur,17042528,,53.72005,322876799.2835616
2842,7635,seaport,17042228,ETH,19.4025,1288893116.4408
2846,7659,blur,17041993,ETH,54.840022,422667545.19702595
2851,7564,seaport,17041838,ETH,55.2822,5893762.182369621
2852,7873,blur,17041810,ETH,55.15285,1418232.897240442
2853,6737,blur,17041792,ETH,55.151855,12557070.704640001
2859,205,blur,17041249,ETH,54.725,71147601.88343808
2860,8215,seaport,17040831,ETH,55.96875,47130067.70276733
2861,5917,blur,17040740,ETH,54.395655,13062165075.417603
2867,7530,blur,17040324,ETH,54.3867,27209127.2656896
2868,2544,seaport,17040311,ETH,47.76,21406029.580615677
2869,5830,blur,17040131,ETH,54.39665,424914352.4873521
2870,1113,blur,17040131,ETH,54.39665,11060980829.074001
2871,3915,blur,17040100,ETH,54.39665,76464956.76250552
2874,2605,blur,17039455,ETH,54.45635,47744954.47572864
2875,2085,seaport,17039413,ETH,53.625,1294479765.199051
2876,2745,blur,17039174,ETH,55.221505,566065060.4878243
2877,8645,seaport,17039135,ETH,54.8632,75460596535.8336
2879,752,blur,17039078,ETH,52.2574,28390657127.040005
2887,7693,seaport,17038948,ETH,55.27225,172886621.84966484
2894,8251,seaport,17038724,WETH,54.75,18210592.314318355
2903,3524,seaport,17038619,ETH,52.706,132212653.98264
2905,4158,blur,17038463,ETH,54.2275,1899738758.9488
2914,5876,blur,17038062,ETH,59.2979205,4772766.5223876
2919,71,blur,17037657,ETH,57.71,463291594.57276416
2920,3795,seaport,17037604,ETH,53.2,53172398.389096804
2921,4131,blur,17037581,ETH,61.491,528903577.6012294
2923,5860,blur,17037380,ETH,54.8245,18109009062.144
2925,1223,blur,17037224,ETH,55.4184155,4319692795.599999
2939,9683,seaport,17036539,WETH,55.1,146136250.982484
2942,4095,seaport,17036450,WETH,55.25,583367297.0771922
2958,9074,blur,17036230,,55.47125,229146824.97706175
2960,747,blur,17036109,,56.2175,120396712.34866178
2964,1889,blur,17036101,,56.2573,974537376.1343997
2971,8273,blur,17036058,,56.30705,1943411254.7553
2972,9266,blur,17036058,,56.30705,5700991768.2
2973,9360,blur,17036058,,56.30705,757431369.9125712
2974,3816,blur,17036050,,56.30705,98278126.23163392
2982,9838,blur,17035075,ETH,58.55575,2748590924.7468667
2986,3550,blur,17034559,ETH,56.715,54269442.742394865
2992,2366,seaport,17033078,ETH,55.575,616465026.2264004
3021,608,seaport,17028249,ETH,58.2,206144518.39673117
3024,8841,seaport,17026804,WETH,58.2,914932879.4385964
3025,301,blur,17026765,,57.83935,507091917.8274611
3032,934,blur,17025535,,58.2075,158263028.98623362
3033,4595,blur,17025529,,58.2075,2853529428.067718
3035,7027,blur,17024060,ETH,59.997505,64418304.0387744
3036,6063,seaport,17023886,WETH,64.42,33234300858.527996
3048,5232,x2y2,17020012,ETH,104.2,12267906.8690871
3049,5441,seaport,17019067,ETH,67.1625,665580505.3395762
3052,7517,blur,17018094,ETH,58.7846,8274517390.675799
3067,7646,seaport,17014908,ETH,60.6153,22605838.043451454
3071,5017,seaport,17012102,,1e-18,612944451.845806
3075,1357,seaport,17011291,WETH,72.0,2015672615.4239995
3076,2058,seaport,17011056,ETH,58.2,29917515.709071137
3077,670,seaport,17010510,ETH,59.7,1927561217.531121
3083,4333,seaport,17008509,ETH,58.2,133405437.674145
3084,1513,seaport,17007511,ETH,62.166,239492140.8596995
3085,8027,seaport,17007426,WETH,88.0,6415344.643276801
3087,9393,blur,17005437,ETH,61.69,3126347700.4223995
3091,9260,seaport,17004198,ETH,61.420156,1653064.347380526
3092,3684,blur,17003407,,57.3319,23284323.83363678
3093,3860,blur,17002663,,57.312,11685331948.752
3095,1836,blur,17002161,ETH,58.0959605,50398981.80543367
3096,9811,blur,17002098,ETH,57.709005,1018869951.1706729
3097,6972,seaport,17001408,ETH,57.0,558678264.7679999
3098,7976,x2y2,17001346,ETH,66.6,349396441.71264005
3104,896,blur,16999717,ETH,58.904,16077305005.585197
3111,4070,seaport,16998572,ETH,29.85,2135126471412.0002
3115,8640,seaport,16997631,ETH,62.0703,676797364.67616
3119,1512,seaport,16997021,ETH,58.685,16472157779.252996
3124,3971,seaport,16994790,ETH,61.425,9000834.166044451
3126,3948,blur,16994373,ETH,62.000042,422119149.5078799
3127,9858,blur,16994009,ETH,59.2025,115573171.12576675
3131,193,seaport,16993072,ETH,45.46155,277248843.144
3133,627,blur,16991761,ETH,59.2821,25210190.885698482
3139,6529,blur,16990504,,57.564,33971547155.831993
3146,2359,seaport,16987943,ETH,59.946,202797309.36617583
3147,5976,seaport,16987002,ETH,61.11,9627344.41764433
3148,6720,blur,16985547,ETH,59.84925,1106284277.6270208
3152,1751,blur,16984136,ETH,60.695,110580121.839096
3157,6698,blur,16983550,,60.695,8730898963.007
3160,933,blur,16983245,,60.7547,60510781.43748001
3161,8581,blur,16983230,,60.7547,56979562.86038015
3171,2061,blur,16981076,ETH,68.25,362887101.65176916
3172,1723,blur,16981013,ETH,61.491,7124470825.305597
3173,1576,blur,16980634,,60.7547,206496961.0704
3181,922,blur,16978889,ETH,61.5905,56137631.85424007
3182,4473,seaport,16978268,ETH,62.088,1308834289.1459405
3186,6501,blur,16975861,,60.94375,4638048348.027599
3188,9605,x2y2,16975642,ETH,61.8,72384829558.144
3191,3852,blur,16975480,ETH,62.1075,7854927673.088
3197,2272,seaport,16974260,ETH,1.34325,43036105183.48801
3217,7897,seaport,16969068,ETH,65.471,1676225027.4000003
3228,6637,seaport,16962542,ETH,70.93355,816498.136689404
3230,5836,blur,16962158,ETH,62.4839105,82800252.43776
3231,9534,blur,16961713,ETH,61.6799505,2089756284.9263995
3232,8867,seaport,16961256,ETH,60.68505,17304736720.471195
3233,6487,blur,16961026,ETH,61.6799505,229775096.2661024
3238,6993,seaport,16960290,ETH,73.1325,132612760.59858543
3241,3691,blur,16959840,ETH,61.75169,9484821.957995664
3243,8975,seaport,16959332,ETH,63.5605005,108174089.48673598
3244,9871,seaport,16959303,ETH,66.0083,39034527.175224
3246,2012,seaport,16958929,WETH,65.0,701601049.3972479
3261,6204,seaport,16957030,ETH,67.6845,1378392065.676
3263,3622,blur,16956005,ETH,64.30685,198069001.990629
3266,7644,blur,16952274,ETH,63.68995,74606418.56348924
3268,1157,seaport,16952006,ETH,67.6845,1093386470.3999999
3270,9851,seaport,16951813,ETH,70.2,3436613235.719999
3276,1707,blur,16949676,ETH,63.63025,14855052197.606396
3277,3139,seaport,16949676,ETH,61.425,5838208513.434003
3278,718,x2y2,16949447,ETH,61.3,4545965.563702619
3279,6873,seaport,16949367,ETH,16.915,86841731339.99998
3280,741,seaport,16949207,ETH,64.675,30466481159.56499
3281,9670,blur,16949071,ETH,60.98355,635211865.1298242
3282,9383,seaport,16948999,ETH,65.5506,9488859543.071999
3283,9513,blur,16948760,ETH,62.03825,109782958.3488
3284,9140,seaport,16948280,ETH,64.277,162407974.88071904
3285,192,seaport,16947500,ETH,8.70625,990052897391.9999
3286,6776,seaport,16947449,WETH,240.88,22226288.998833913
3289,8666,seaport,16946775,ETH,67.65005,2430938.0263895425
3292,5484,seaport,16945043,ETH,62.088,1840828844.16
3295,9483,blur,16945017,ETH,60.1179,126003349264.9984
3296,9191,blur,16945017,ETH,60.12785,398217967.07963395
3297,8214,blur,16945017,ETH,60.24725,65795072.69966399
3298,7366,blur,16945017,ETH,60.10795,222719814.1206719
3299,1824,blur,16945017,ETH,60.12785,22567909568.04
3301,6827,blur,16944975,,60.02835,43194884.21247999
3309,2616,x2y2,16944116,ETH,65.0,466838205.0748415
3310,9597,seaport,16943722,ETH,68.25,23950640923.392
3312,7814,seaport,16942962,ETH,63.67005,136066903.92001075
3320,6511,seaport,16940016,WETH,62.8,36876353.8366132
3323,6008,seaport,16938095,ETH,65.1725,35317570.38688569
3327,854,blur,16937079,,59.96865,2825562916.8
3328,891,seaport,16936548,ETH,69.65,282910135.7481984
3329,1438,blur,16935989,ETH,60.5599188,4634144699.184001
3332,5585,seaport,16934943,WETH,1.2162,34452027022.336
3336,7320,seaport,16933443,ETH,64.66505,7033053797.265598
3339,2368,seaport,16932228,ETH,61.5706,13562127191.422398
3341,1325,blur,16931717,ETH,71.64,160549756206.84
3344,1018,seaport,16931294,ETH,64.3566,519624.2003752801
3349,85,seaport,16929577,ETH,72.6375,78638837.9436749
3351,7684,blur,16929429,ETH,62.685,615695870.7199999
3356,2786,seaport,16927316,ETH,68.655,44542735362.048004
3358,1118,blur,16926406,,59.501,10335621231.698399
3363,2819,blur,16925130,ETH,60.6849505,223741267.38344863
3367,7744,seaport,16924131,ETH,96.4752,126951046.88038078
3368,3244,blur,16923921,ETH,60.690025,2939262.117427767
3370,3055,blur,16920836,,59.501,35475638.129446395
3372,9180,seaport,16920804,ETH,71.175,142571563.62064
3373,2781,seaport,16920802,WETH,62.0,43639581.772800006
3376,1894,blur,16920396,,59.94875,752355131.6910181
3377,5252,blur,16920382,,59.9587,241134275.39241043
3382,7213,blur,16920354,,60.00845,546660293.110272
3383,9086,blur,16920298,,60.00845,17325600208.223995
3385,4776,seaport,16920047,ETH,88.555,6733350.778834945
3394,8217,seaport,16919052,,1e-18,74038939.4586654
3395,7992,blur,16918428,ETH,62.313069,8237304558.873486
3399,7923,seaport,16914231,ETH,74.49,14886567682.560003
3410,7868,seaport,16910480,ETH,62.1875,13701108001.996803
3416,2062,x2y2,16909765,ETH,318.0,300930158.39545107
3426,429,seaport,16908467,ETH,0.995,21614083968.059994
3448,8829,blur,16904912,ETH,61.38155,1781564358.780058
3451,2149,blur,16904311,ETH,60.6751,21740324.3904
3467,9829,blur,16901859,ETH,57.20255,37791935.7859974
3468,4289,blur,16901859,ETH,57.312,809746754.3926673
3469,3999,blur,16901859,ETH,57.113,935879362.1209297
3470,4012,blur,16901828,ETH,57.0028535,2331910460.88
3471,2744,blur,16901828,ETH,57.0135,201873556.79281044
3472,4451,blur,16901788,ETH,59.6005,12844460993.009998
3473,2534,blur,16901750,ETH,56.914,37020732.0638463
3475,2808,blur,16900941,ETH,57.002555,806964786.9534161
3480,1941,seaport,16899524,ETH,62.685,13251264.861650651
3487,2250,seaport,16897317,ETH,57.66025,2135664120.7439997
3490,3540,x2y2,16896280,ETH,58.0,8703390.843957428
3494,2036,blur,16894828,ETH,57.20255,192378837.22271547
3501,985,seaport,16892622,ETH,59.4015,25218065435.904
3509,7585,seaport,16891349,ETH,57.113,28866590.795986354
3510,4794,blur,16891269,ETH,58.2672,99178640.07744
3511,2635,blur,16891269,ETH,59.7,9412304198.527998
3512,9537,seaport,16891206,ETH,58.6055,3853262759.9710846
3514,7336,seaport,16890838,ETH,58.6055,77313787559.424
3519,3475,blur,16890311,ETH,55.9588,1597874.489065452
3530,1496,blur,16890104,,55.82945,19344291.680623163
3532,4838,seaport,16889862,ETH,62.3865,65664446.25237119
3534,7875,seaport,16889312,ETH,58.705,3021331038.66
3535,9467,seaport,16888859,ETH,58.705,13381172.71010473
3536,7200,x2y2,16888523,ETH,61.0,43998330397.757996
3537,6570,seaport,16887181,ETH,57.525,10844809424.409998
3540,7000,seaport,16887013,ETH,12.935,1239217579.3181188
3547,3595,blur,16884810,ETH,58.5642075,7057534718.52
3548,3182,blur,16884723,,55.7996,566133325.0128863
3550,9953,seaport,16884618,ETH,59.6999005,273074196.9870684
3556,1826,seaport,16883574,WETH,57.44,756635879.7289437
3558,1525,x2y2,16883417,ETH,77.0,521312960285.99994
3564,9256,x2y2,16880739,ETH,71.0,30816967.30813007
3568,7427,blur,16879226,ETH,58.705,317020072.0695091
3578,7932,blur,16875847,ETH,59.25225,25062613160.76
3587,6937,seaport,16874331,WETH,1.1200002,971677962.4859997
3589,1753,seaport,16873916,WETH,60.0,6989687063.5416
3598,7424,seaport,16870691,WETH,61.0,45502056940.48739
3600,8548,seaport,16870043,WETH,63.95,863516122.7263999
3601,3093,blur,16869884,ETH,61.26215,6739225383.8448
3602,7328,seaport,16869425,WETH,70.0,4098476.952379257
3604,345,blur,16868914,ETH,60.6154,745452322.598016
3605,5346,blur,16868541,ETH,67.8988,1050571316.9581347
3606,339,blur,16868293,ETH,69.14255,16746870625.055996
3609,5012,seaport,16866070,ETH,59.6005,99057143.78767349
3610,3270,x2y2,16866020,ETH,75.0,569294714.8568065
3613,7725,blur,16865599,ETH,0.0,331046.22867993615
3614,7680,blur,16864929,,60.3965,65191248602.72641
3617,4851,seaport,16863349,ETH,62.4,1159553886.12378
3618,7982,seaport,16862099,ETH,84.56505,31260423.530794103
3619,9535,seaport,16862099,ETH,84.575,2472280.9834523723
3620,8715,seaport,16861936,ETH,65.2275,428699250.64512
3621,3576,x2y2,16860360,ETH,77.0,5875966277.874001
3622,1086,blur,16859748,,60.36665,48768896.320784636
3623,2129,seaport,16858678,ETH,64.88625,834479752.963222
3626,5647,x2y2,16856992,ETH,147.0,35727937.22437633
3627,5879,seaport,16856947,ETH,63.5461128,3481008.005708514
3628,1679,seaport,16856033,ETH,77.9025,13045746.996982943
3629,4637,seaport,16855824,ETH,63.2621,103728018.12609603
3630,8396,blur,16855266,ETH,63.67005,499611974.2356019
3632,5546,x2y2,16853552,ETH,75.0,16947319601.7664
3636,3243,seaport,16852555,ETH,73.476969,569115807.2599999
3638,8881,blur,16852264,,60.7945,6897731.008968349
3640,7731,seaport,16851591,WETH,76.0,541176595.2552961
3642,5250,seaport,16850231,WETH,87.0,140651713080.0
3644,5811,seaport,16850080,ETH,64.675,253411359.3804936
3650,7203,seaport,16849644,ETH,66.65505,16692033440.095198
3661,5561,blur,16847761,ETH,64.599977,390603037.63104
3663,4251,blur,16847533,,62.51585,647215263.0057884
3664,2479,blur,16847373,,62.685,28089591.610238407
3670,5002,blur,16847110,,62.95365,339103685.6768246
3675,5103,seaport,16846458,WETH,66.0,12276883666.944002
3677,9425,blur,16846078,ETH,63.80935,554123942.636992
3680,6373,blur,16841549,ETH,63.72975,27081653.5924032
3681,6415,seaport,16840361,ETH,64.1775,9983273.23225866
3682,6161,blur,16840357,ETH,63.80935,3964628987.2799997
3683,827,blur,16839914,ETH,64.1775,614452886.0802486
3684,2259,seaport,16839319,ETH,65.67,3632411786.832
3686,1248,seaport,16838734,WETH,64.0,2332928321.568768
3689,6405,blur,16836961,,62.71485,308014932.3629413
3691,2047,blur,16836411,,63.23225,211824234.45993602
3697,4352,blur,16835311,,63.7198,1035923359.6800001
3701,5292,blur,16834782,,64.2969,158092106.157216
3707,9168,blur,16832552,ETH,65.580251,183752101.26207358
3708,5348,blur,16831925,,64.277,99807395.51818348
3711,3772,blur,16830658,ETH,70.33655,1544907896.7138429
3726,7014,blur,16827226,ETH,66.1675,2637034365.2748485
3730,9367,seaport,16826487,ETH,67.5406,29702578.900101125
3736,330,blur,16825648,ETH,66.0947655,2855088511.7216005
3739,4255,seaport,16825065,WETH,1.1967,141760626.18450624
3742,4671,seaport,16824454,ETH,80.4756,1398555221.1058943
3744,4498,seaport,16823704,ETH,66.0999395,149839558.0403904
3745,4245,x2y2,16823516,ETH,71.5,3436821715.536
3761,8508,x2y2,16821667,ETH,72.0,4500251258.3424015
3765,5446,seaport,16820319,ETH,99.19155,36842701.6713996
3769,4003,blur,16819457,ETH,66.65505,20263712.59098678
3771,2001,blur,16818983,ETH,82.585,1991408.5311464441
3773,1112,seaport,16818363,WETH,67.0,15531756.13042132
3774,6320,blur,16818220,ETH,66.65505,2166872767.488
3775,7209,seaport,16818190,ETH,66.77445,290163604.502775
3787,6033,seaport,16814303,WETH,1.334,25618969872.6912
3790,7664,x2y2,16812890,ETH,69.0,23953455523.720802
3792,465,blur,16809500,ETH,69.1525,479981702.36991745
3793,8331,seaport,16807951,ETH,79.59005,27433009.179329716
3794,1233,x2y2,16806802,ETH,60.0,2915461180.112302
3799,2457,blur,16805034,,65.471,75652941.4829779
3801,9760,seaport,16804732,WETH,66.1,687431661.1329025
3803,7291,blur,16803175,ETH,67.3416,72864709.94790001
3804,6366,blur,16803175,ETH,67.35155,3470443986.4952826
3809,2978,x2y2,16801810,ETH,68.0,173175675095.104
3812,145,blur,16801605,ETH,74.51555,311860546.630733
3816,8317,blur,16799617,ETH,68.456,2047712799.8920321
3817,1049,blur,16799573,ETH,75.0000155,167525832.48854542
3818,6474,seaport,16799393,ETH,84.36605,1688223208.1126935
3819,8556,seaport,16799328,ETH,74.625,58920238.3597027
3820,550,x2y2,16799276,ETH,122.42,828792.3436258659
3821,8392,blur,16799176,ETH,68.058,912689666.4408193
3822,5567,blur,16798945,ETH,86.0675,406992191039.99994
3823,3747,blur,16798473,ETH,67.66,2736925.1684159613
3824,2356,looksrare,16798065,WETH,67.13,59698857.94122911
3830,4834,blur,16796407,ETH,67.5605,1286186396.7537558
3832,8105,seaport,16795574,WETH,71.0,2457698.2299297787
3833,356,blur,16795536,ETH,67.66,1591224650.5903995
3834,2422,blur,16795138,ETH,70.411573,292135250.51893663
3835,2380,looksrare,16795132,WETH,67.03102,454803153.9735339
3836,2102,blur,16794752,ETH,84.9999645,2284277851.562
3841,4232,x2y2,16793716,ETH,66.5,7524433264.877999
3850,5239,x2y2,16793161,ETH,71.0,199848489.43358397
3853,4268,blur,16793103,,66.5456,557092723.2639999
3861,2084,blur,16792424,,67.9187,67743213.22828801
3862,4221,blur,16792383,,67.9187,208733949.7912469
3866,9879,blur,16792383,,67.9585,178810846.413056
3874,720,blur,16791504,ETH,69.50075,13374815.209389845
3875,3826,x2y2,16791311,ETH,74.0,6543469969.344002
3877,9022,blur,16790272,ETH,70.3465,234507745.600128
3878,7941,blur,16789472,,67.9585,4690830144.33
3880,5351,blur,16788189,,68.5555,937792424.9093401
3887,2533,blur,16784954,,69.1525,1341991834.5689852
3903,9365,seaport,16781319,USDC,1.19365e-07,17865554.612505596
3904,7159,seaport,16780188,ETH,79.6,6131724.483323932
3905,9982,blur,16780033,,69.1525,738344543.5554248
3910,3607,blur,16780033,,69.65,173828360.4937425
3919,6801,blur,16779393,,70.4062,76534377952.032
3924,3615,blur,16779062,,70.65495,33105515.08579875
3931,9428,blur,16777657,ETH,71.3017,81410831.03068759
3932,9725,seaport,16777636,ETH,72.5355,6684703.773446789
3933,1869,seaport,16777526,ETH,71.762783,44754774.37224289
3935,3862,blur,16777299,ETH,88.555,13663572.332256
3937,7839,x2y2,16777228,ETH,87.0,2122133388.1439998
3939,5116,x2y2,16776999,ETH,440.0,4341181.086564629
3940,6440,blur,16775624,ETH,71.51065,848088081.7178615
3942,8550,seaport,16775227,WETH,85.0,712403093.6547842
3945,6424,blur,16774314,ETH,74.625,947526581.9879999
3950,5141,blur,16773406,ETH,71.441,3867143.2366104354
3955,7353,x2y2,16772747,ETH,72.0,126814390.17451319
3958,5090,seaport,16772414,ETH,73.63,14312885468.756401
3961,9540,x2y2,16772161,ETH,72.15,852281704.281047
3984,8212,blur,16766524,ETH,72.635,151029599.69771522
3985,1951,seaport,16766350,ETH,71.9113365,407633661.23039997
3990,9604,seaport,16765551,ETH,80.925,1811054316.8600063
3992,9885,seaport,16765268,ETH,71.64,4129117.5300538377
3996,7971,seaport,16764095,ETH,71.0697655,551325591.3287807
3997,281,blur,16764073,ETH,94.525,14319865.266326189
4007,924,blur,16762078,ETH,70.4260005,219755975.15773433
4011,597,blur,16760324,ETH,71.33155,10756103841.288002
4014,9877,seaport,16759018,,1e-18,153781040.5713331
4019,4519,x2y2,16756794,ETH,71.75,36209800.0340945
4023,8733,blur,16755674,ETH,71.64,43179582.810364
4028,7349,seaport,16755138,ETH,73.62005,967013054.461238
4030,5955,blur,16754733,ETH,71.64,87583831.169328
4031,7440,blur,16754667,ETH,70.39625,369594346.804992
4036,4004,seaport,16749689,ETH,74.57525,1352608393.056877
4038,9484,seaport,16748963,ETH,76.908,5925590.782689981
4040,9177,seaport,16747673,ETH,75.57025,697538155.531277
4047,6987,x2y2,16746202,ETH,76.0,110086454.75401731
4061,3634,blur,16743353,ETH,71.3415,17707908655.359997
4063,7641,seaport,16743309,ETH,76.615,56370839.196672
4074,585,blur,16741996,ETH,71.64,71976156.877323
4079,9646,blur,16741597,,69.46095,237133903.44346562
4083,6966,blur,16740510,ETH,71.5405,308773847.17670393
4085,9538,blur,16740453,ETH,70.43605,1516789949.8752
4086,7350,blur,16740453,ETH,70.645,27398576.494493816
4087,6280,blur,16740453,ETH,70.5057,557754911.8147708
4088,5914,blur,16740453,ETH,70.57535,103914566.98521596
4089,5245,blur,16740453,ETH,70.4261,135951354.96953472
4090,4421,blur,16740453,ETH,70.43605,49853664.41207327
4091,2045,blur,16740453,ETH,69.71965,61722757.02519002
4092,1522,blur,16740453,ETH,70.5057,70361399.2281408
4093,9749,seaport,16738928,ETH,70.98,40600223.063745946
4094,7300,seaport,16738659,,1e-18,111091352.81244
4095,4165,seaport,16738407,ETH,70.3434155,18943294.387902047
4096,6441,seaport,16738407,ETH,70.3434155,833890327.6618199
4097,4675,seaport,16738407,ETH,70.3434155,680674060.6823837
4103,7039,seaport,16736166,WETH,87.0,472120.8179837812
4106,6839,x2y2,16735604,ETH,72.25,110272295.621376
4112,814,seaport,16734728,WETH,70.8,51133269.55421696
4117,2438,blur,16734643,,70.03805,352392557.11478275
4131,4620,seaport,16734117,ETH,88.555,399635876.5043568
4136,1100,blur,16733918,ETH,84.575,76365331.20120959
4144,6353,seaport,16731903,ETH,70.446,5079853612.930799
4157,9514,seaport,16729880,ETH,72.5355,87767592.23232
4158,7904,seaport,16729880,ETH,71.88875,317682034.76782084
4159,9130,seaport,16729880,ETH,71.1425,138601411.3843473
4192,6573,seaport,16726923,ETH,70.23705,550632974.5556641
4193,6813,seaport,16726923,ETH,70.05795,620761454.4384
4197,7081,seaport,16725802,ETH,91.54,4605210.619510049
4198,3041,blur,16724883,,67.7595,21429172297.790394
4199,3661,seaport,16723960,ETH,71.5405,448194512.4636673
4210,4560,seaport,16723222,ETH,67.6599005,149408281.96819195
4216,3147,blur,16720862,ETH,67.41125,12402227.366991
4225,4534,blur,16720356,ETH,67.1625,61048801.119306006
4229,603,blur,16720039,ETH,67.35155,512031900.9809203
4238,593,seaport,16719810,,1e-18,172594991.178093
4268,1198,seaport,16717638,USDC,1.223e-07,4016302.0602637357
4270,8345,blur,16717556,ETH,69.1525,316317721.93480986
4292,5623,blur,16716717,,69.9684,19094727057.5589
4294,1495,blur,16716712,,70.39625,6947999488.4608
4297,7114,seaport,16716312,ETH,114.37525,1240910216.0000002
4309,1524,blur,16715722,,72.4161,1134321505.3016
4315,6671,blur,16715092,,72.42605,543632118.6069179
4328,1353,seaport,16712014,ETH,74.625,195397261.3558272
4350,8068,blur,16711440,ETH,68.64505,309020560.0012289
4356,7902,seaport,16710701,WETH,87.0,44491076.56035503
4357,7331,seaport,16710412,ETH,68.655,58349143.37151412
4358,3329,blur,16710405,ETH,67.9386,2981764979.6727595
4362,554,blur,16709599,ETH,67.66,196912512.74562562
4363,3205,blur,16708940,ETH,67.9999915,7698724.665031277
4364,4751,blur,16708882,ETH,67.90875,61479630.36095398
4365,9703,seaport,16708618,ETH,68.3366,725014303.8423667
4366,4587,seaport,16708068,ETH,72.635,699459212.8288565
4368,387,seaport,16707996,ETH,82.4855,28930059.9622944
4371,4805,blur,16707606,ETH,67.850045,90106084.43256673
4377,6396,blur,16706801,ETH,67.3584155,25138762.004069995
4378,9214,blur,16706671,ETH,89.1,678281.2567686143
4393,6079,blur,16706145,ETH,69.65,29594900700.288002
4400,6674,blur,16705903,,66.59535,28850965.125839997
4402,3479,seaport,16705824,ETH,67.11275,281173582.03844446
4410,8911,blur,16705179,ETH,66.5655,3488298764.3519998
4418,4651,blur,16704697,ETH,66.0947655,4304645296.128
4419,403,blur,16704697,ETH,65.869,139555402.0260768
4423,2163,blur,16704049,,65.5705,6835374765.965007
4424,6367,blur,16703847,ETH,65.869,3098043545.2174997
4428,6878,blur,16703725,ETH,68.343366,37785941898.01199
4431,2060,x2y2,16703427,ETH,71.0,97701137.02035455
4433,765,seaport,16702932,ETH,69.5505,1171111556.1600003
4434,6700,blur,16702824,ETH,67.35155,455621926.1440001
4439,4837,blur,16702683,ETH,67.65005,1566370.2178315374
4440,2330,blur,16702682,ETH,68.6351,503039055.4791551
4449,7625,blur,16702199,ETH,65.0997655,71501256.32721345
4452,8702,seaport,16702120,ETH,66.1675,4107105.45826961
4459,564,blur,16702016,,64.476,7317038.177354508
4472,2893,blur,16701708,ETH,65.1799625,2514430605.3280005
4475,9735,blur,16701571,,65.67,700098421.0592433
4476,6347,blur,16701563,,65.67,384910789.3059686
4477,2093,blur,16701563,,65.67,666391614.223104
4479,9010,blur,16701502,,66.068,325437628.79375994
4480,6880,blur,16701497,,66.068,8485741.188282384
4485,5181,blur,16701456,ETH,67.9999915,19323150.331263203
4486,2933,blur,16701427,ETH,66.665,7087845.526174974
4487,9929,blur,16701420,ETH,66.41625,62484563.93444557
4488,8596,blur,16701409,ETH,66.65505,14341713372.558
4489,7618,blur,16701406,ETH,66.1675,11028162519.5544
4491,5672,blur,16701397,ETH,65.67,14819226964.396797
4509,328,blur,16701313,ETH,63.3000095,94594061.81097096
4517,4366,blur,16701275,ETH,62.63525,44333053.40789563
4524,6847,seaport,16701234,ETH,62.5855,560243749.051584
4525,3758,blur,16701228,,60.3965,477849263.988096
4528,9598,blur,16701219,,60.68505,839464684.3440001
4532,6752,blur,16701219,,60.70495,497812604.3541647
4534,4631,blur,16701219,,60.9935,15687889.208802724
4535,8210,seaport,16701200,ETH,62.63525,1672988903.9999998
4537,9466,blur,16701108,ETH,64.4999795,732851582.2808702
4541,8347,blur,16701078,,60.695,34619109.57267749
4545,5848,blur,16701076,ETH,62.33675,3973828040.5811996
4546,80,seaport,16701031,ETH,65.823031,19594480.10633107
4548,274,blur,16701025,,60.80445,9247910.951614767
4554,8046,blur,16701025,,61.99845,94383929.85251325
4558,9424,blur,16701000,ETH,63.37155,147457319199.75677
4559,5682,blur,16700995,ETH,62.5855,642164327.3325772
4560,3045,blur,16700989,ETH,62.5855,9854424467.887999
4566,3051,blur,16700975,ETH,62.5855,42483864141.7344
4567,2541,blur,16700970,ETH,62.486,113474978.10544896
4571,8749,seaport,16700949,ETH,62.0084,116826766.74648
4573,3279,seaport,16700907,ETH,61.50095,193298514.6515276
4574,4886,blur,16700888,ETH,62.5855,20973737809.252796
4577,6608,seaport,16700873,ETH,61.2308075,2202519084.1919994
4578,4735,blur,16700872,ETH,62.1875,4847503.187575595
4587,3390,seaport,16700781,ETH,62.313069,558359049.248
4603,9923,seaport,16700754,ETH,62.6651,260416388.00441432
4605,9464,x2y2,16700735,ETH,65.0,156106164.8438256
4626,3271,blur,16700626,ETH,62.33675,12429411.399527919
4639,1780,blur,16700513,ETH,62.37655,6407915.154213248
4691,8610,blur,16700307,,63.68995,6041484372.96
4692,2947,blur,16700307,,63.6999,1465644925.098432
4693,9415,blur,16700118,,64.675,502717344.61513317
4715,3264,blur,16699152,,69.7495,62260897.1124672
4720,4589,blur,16698599,,71.86885,18267712.169498064
4721,4930,blur,16698593,,71.8788,180060656.58810905
4724,4171,blur,16698424,,71.9385,81949938.2817258
4735,1910,seaport,16697251,ETH,98.25625,4954913632.504
4736,6616,seaport,16697234,ETH,84.52275,110258208.00271203
4747,4180,seaport,16694549,ETH,51.74,1003053766.0099968
4761,3177,blur,16692577,,73.52055,68466642.873552
4768,2665,x2y2,16691226,ETH,85.0,32173782184.051193
4772,5034,seaport,16690332,ETH,54.725,12120448868.352001
4775,3877,blur,16689936,ETH,76.619975,5575966921.553951
4779,1395,seaport,16689314,ETH,78.59505,1788377435.1432002
4785,6945,blur,16688716,,75.06,5257018920.384
4789,9652,x2y2,16688296,ETH,80.7,64831629952.076805
4790,8902,seaport,16687949,WETH,79.99,286987048.4604815
4792,9071,blur,16687241,ETH,77.38115,71818640.38246128
4822,4823,seaport,16685199,ETH,96.4155,25116745.862653885
4825,5224,blur,16685079,ETH,77.10255,44514548.57424961
4849,3731,seaport,16683752,ETH,82.4855,50752887.686412156
4857,5112,blur,16682440,ETH,77.85875,21639944.468142003
4862,8180,seaport,16682127,ETH,77.60005,97317149.93934335
4864,5439,blur,16682106,,76.62495,156182872573.53
4874,7132,blur,16681713,ETH,77.75925,12404377.995609606
4876,9775,blur,16681469,ETH,86.8635,856142663.8379997
4877,3260,blur,16681454,ETH,77.7205445,60933515.497008
4884,3384,blur,16681246,,77.61,68380896.32265198
4886,8371,blur,16681228,,77.61,74617648.05451176
4903,9963,blur,16680933,,76.128,32256694.459135238
4926,7106,blur,16680922,,76.1475,4202424489.2256
4952,3786,blur,16680900,,76.2255,406402345.618083
4975,7235,seaport,16680271,ETH,79.5005,4161107267.46
4977,8500,seaport,16680061,ETH,1.74125,155304892.37753123
4978,1435,x2y2,16679801,ETH,81.501,5656690823.615999
4989,3995,seaport,16679068,ETH,77.87325,3082512008.1888
4991,7094,x2y2,16678644,ETH,131.69,7211547.754931521
5013,918,blur,16676643,ETH,79.0,38579284050.04801
5015,9603,seaport,16676482,ETH,9.2535,9737094686.080002
5017,1297,blur,16676202,ETH,81.59,154460800721.92004
5021,6363,blur,16675694,,77.61,1618029524.8260005
5043,6007,blur,16674432,,77.5503,56764532.89128959
5050,7697,seaport,16672399,ETH,82.30798032407408,40768854.11593985
5051,8498,looksrare,16672308,WETH,76.734,1658039428.1989138
5053,4470,seaport,16672160,,1e-18,30101102.743622404
5056,4695,blur,16671617,ETH,78.4856,21100551.20775594
5068,3686,x2y2,16669579,ETH,85.0,3575523631.6800013
5076,4170,blur,16668835,ETH,81.0925,49935996.11227146
5096,2327,seaport,16667569,ETH,76.615,116461708.42432895
5099,945,blur,16667250,ETH,79.000015,30973953.308952443
5114,5196,blur,16663326,ETH,107.46,59220529.0961284
5117,4202,blur,16663298,ETH,104.475,25945768296.447994
5129,6861,x2y2,16662947,ETH,83.75,12950088.393656489
5153,5715,seaport,16662516,ETH,76.08765,9080476717.312
5167,9141,seaport,16659996,ETH,79.6,53954793419.436
5168,7963,blur,16659992,ETH,78.55525,27725831818.4232
5169,4144,blur,16659945,ETH,76.416,625730530.3452002
5172,4097,blur,16658364,ETH,77.8525,32406268252.110004
5206,5923,blur,16653281,ETH,75.421,26608228025.652
5214,3899,x2y2,16651972,ETH,71.7171,184074157.1211984
5216,1066,x2y2,16651741,ETH,88.5,31993043.628902406
5229,9928,seaport,16649105,ETH,83.6,74578786938.42717
5232,9233,blur,16647705,ETH,74.426,8602538.983833598
5233,813,seaport,16646877,ETH,72.2,205963781.420628
5239,7973,x2y2,16644564,ETH,99.99,721566.7402412851
5241,7989,x2y2,16644313,ETH,82.0,508675763.8719305
5251,3969,x2y2,16641756,ETH,90.0,215250441.03208798
5258,6466,blur,16640396,ETH,87.56,4860954.569517943
5264,1505,seaport,16639787,ETH,90.25,3065797141.1759996
5265,4839,blur,16639474,ETH,75.37125,103098420.95981762
5270,1273,x2y2,16638898,ETH,93.25,10497305.410327999
5288,2117,x2y2,16637032,ETH,169.69,1490551.1088650005
5301,9935,blur,16635518,ETH,76.3563,2142188777.1094139
5306,5426,blur,16634773,ETH,85.57,2872102760.1919994
5310,5988,blur,16634695,ETH,76.615,327159243.30375
5322,7305,seaport,16633585,ETH,70.99996,13626450719.9744
5326,9016,blur,16631639,ETH,72.1375,79909853.9899968
5328,5662,seaport,16631050,,1e-18,2699049300480.0005
5329,8357,seaport,16628028,ETH,71.725,44183533.204742014
5330,1975,blur,16627789,ETH,70.9899665,1448576993.3959837
5336,8517,blur,16620046,ETH,71.000016,238955460.21103674
5349,7445,seaport,16613761,ETH,79.699965,258677111.07807478
5351,4252,x2y2,16609184,ETH,132.5,822181327967.9999
5355,8445,seaport,16606307,ETH,74.1,704067424.6809026
5360,8209,seaport,16604967,ETH,74.1,67697562.69598784
5361,3293,seaport,16604215,ETH,95.0,23616704798.975998
5362,1455,seaport,16602939,ETH,72.80002,33436493496.806396
5363,2764,x2y2,16602442,ETH,154.2,52221709.91756879
5369,8918,seaport,16591102,ETH,159.2,49396908.05921664
5370,1280,seaport,16591045,ETH,77.9,64712963.88317359
5371,3690,seaport,16590939,ETH,77.9,173880373.2708042
5372,5078,seaport,16589840,ETH,74.765,634393247.8980097
5373,2444,x2y2,16589661,ETH,80.0,74094378209.28001
5374,8327,seaport,16589631,ETH,76.0,119822943.43869697
5375,7525,seaport,16589544,ETH,74.4496,406666656.04207104
5381,4336,blur,16587346,ETH,84.376,413340957.9813287
5382,9617,x2y2,16586631,ETH,75.0,25965198.99432144
5386,5744,x2y2,16584702,ETH,108.0,7505633.608704
5387,3694,x2y2,16583900,ETH,88.0888,18232851779.7888
5388,2793,x2y2,16582597,ETH,85.0,21989735.7399776
5404,9863,blur,16578407,ETH,72.32655,5324335.970217821
5406,7730,seaport,16578361,ETH,76.0,9046681.545756154
5407,2442,x2y2,16578184,ETH,84.39,20437101.1014912
5409,7090,x2y2,16577961,ETH,800.0,36779946.6496
5413,9724,looksrare,16575664,WETH,67.228,101776449545.1
5418,7841,seaport,16574822,ETH,74.1,178905172.46911848
5423,8315,x2y2,16574503,ETH,81.0,519402519.545442
5426,5115,seaport,16573722,ETH,73.635925,841604547.4569215
5433,5547,blur,16571953,ETH,75.9999905,82033695.8273504
5438,3603,x2y2,16571692,ETH,92.5,7378943954.342401
5439,3986,seaport,16571189,ETH,80.75,10581812034.300001
5441,3764,x2y2,16570667,ETH,92.0,423043734.46233606
5446,2003,looksrare,16568164,WETH,71.442,333627996.5712
5447,6498,seaport,16567938,ETH,75.81,538047141.121152
5454,9803,x2y2,16564992,ETH,72.0,125043978400.12799
5455,7718,seaport,16564850,USDC,1.395e-07,1220730.5954774143
5457,9286,blur,16564621,ETH,72.635,86362886.12435527
5458,8293,blur,16564621,ETH,76.9999655,14387874133.248
5459,4673,seaport,16564621,ETH,99.75,56346775481.303986
5460,4024,seaport,16564621,ETH,89.11,5340363191.100001
5461,2929,seaport,16564621,ETH,95.0,126187612.48548
5462,2059,seaport,16564621,ETH,126.0555,26208705.243216597
5463,128,seaport,16564621,ETH,123.4905,31633272.912383996
5464,9299,looksrare,16564621,WETH,83.3,159131786.7896064
5467,2264,seaport,16563727,ETH,70.3,1216872056.2263408
5468,653,seaport,16559946,ETH,3.23375,2676048127.6613755
5469,4152,blur,16559602,ETH,79.186478,14920866.63486702
5471,3951,x2y2,16557670,ETH,74.0,57896817.101381294
5474,6830,blur,16556045,ETH,72.58525,1533519151.2384307
5475,27,x2y2,16554205,ETH,80.73,1821700996.7940404
5477,9265,seaport,16552758,ETH,75.990025,284825352.70331997
5481,4890,blur,16552672,ETH,135.01155,318098.9774898935
5485,7224,seaport,16551675,ETH,69.35,165210401.62851837
5501,6731,seaport,16548792,WETH,73.8,228594992.90664968
5503,7311,blur,16547013,ETH,75.61005,2858336575.4459996
5505,3150,seaport,16546812,ETH,74.575,2409732.3573296065
5506,8020,seaport,16546812,ETH,79.999975,78837147.72648
5507,9996,seaport,16546812,ETH,71.725,838232139.9868414
5508,3555,blur,16546195,ETH,72.58525,3183106.4381167777
5509,7409,blur,16545889,ETH,70.1475,8263144691.648
5510,6227,blur,16545889,ETH,70.000041,706570600.3918848
5511,5139,blur,16545889,ETH,68.343366,1550023592.8320003
5512,4570,blur,16545889,ETH,68.7999715,19786767834.308796
5513,1755,blur,16545889,ETH,69.65,160858099.50124994
5521,7670,looksrare,16533722,WETH,68.96162,1827785724.5024
5524,6431,seaport,16531337,ETH,68.875,17283419740.488
5525,8583,seaport,16531168,ETH,69.00002,46347581.065299086
5529,8483,x2y2,16528662,ETH,310.0,1280660757.3760002
5530,5479,seaport,16525376,ETH,71.2025,80253104.743448
5534,612,seaport,16523106,ETH,2.786,46091224.246344276
5535,2529,seaport,16522305,WETH,76.0,51327219.00580485
5536,8914,blur,16521541,ETH,68.726242,146288535.617952
5537,1928,x2y2,16521490,ETH,70.0,36514105072.8
5540,1763,blur,16521354,ETH,76.615,378506452.4930303
5543,1266,seaport,16518232,ETH,68.3525,44194563803.520004
5545,204,seaport,16517637,WETH,105.0,21175363440.000008
5547,6004,seaport,16516774,WETH,70.0,91423584.11201398
5548,8624,seaport,16516071,ETH,84.0275,54610252.26383998
5550,7354,blur,16515173,ETH,61.69,33450066.339471944
5554,5840,seaport,16512221,ETH,497.5,22177872360.0
5557,2940,x2y2,16511356,ETH,85.0,3507836.49216
5558,4656,seaport,16511187,ETH,98.8,3070823580.468
5559,209,seaport,16511063,ETH,68.21,20995460029.440002
5560,9595,seaport,16510106,ETH,84.4436,30166908.715007998
5561,9915,blur,16509635,ETH,66.665,18826250.227544498
5562,6418,x2y2,16509240,ETH,75.0,10068451662.515398
5563,486,blur,16509218,ETH,72.799971,1688274511.5230277
5568,493,seaport,16506683,ETH,75.05,3031485.642134344
5569,3805,seaport,16504640,ETH,4.975,624566629.908
5571,7431,blur,16504030,ETH,69.20225,550769777.445888
5575,4281,looksrare,16502304,WETH,298.9,242917141.61399993
5576,829,blur,16501997,ETH,74.625,56827027.81139999
5577,1078,seaport,16501784,ETH,71.59998,1290604921.2362053
5580,1709,x2y2,16501573,ETH,63.0,10764410851.26
5586,8361,x2y2,16498985,ETH,107.0,8639912.9101824
5587,1065,seaport,16498943,ETH,69.32245,3581122299.955199
5591,2311,x2y2,16496078,ETH,63.0403,5217289672.391595
5594,359,seaport,16493841,ETH,69.3025,18743381802.432003
5595,3847,seaport,16493840,ETH,68.257025,264807858.16765437
5599,2567,x2y2,16491780,ETH,72.0,5920875372.719999
5601,3142,blur,16490294,ETH,68.9535,20148907419.264
5604,9147,blur,16487712,,66.1675,92164895.990856
5605,4403,seaport,16487593,ETH,85.2055,1786890055.6655996
5606,717,seaport,16485902,ETH,70.091,240737756.73655492
5607,1369,blur,16485698,ETH,70.1475,21416992562.916
5609,3851,seaport,16483974,ETH,69.899955,1523548813.0098627
5612,571,blur,16482239,ETH,69.053,49596925285.37601
5613,6611,blur,16481891,ETH,68.875094,16155739890.575998
5615,2752,looksrare,16481438,WETH,66.881962,181069645.9847184
5621,9419,seaport,16479550,ETH,69.73,115245627.87740473
5626,6180,seaport,16476365,ETH,69.549975,5736528794.016
5630,655,looksrare,16471321,WETH,70.56,261543945.84200683
5638,1556,x2y2,16464395,ETH,145.0,2721411.9659865587
5639,6452,seaport,16464151,ETH,68.875,20546684343.590633
5644,6060,seaport,16463165,ETH,77.9,553693696.8571007
5645,2526,x2y2,16462869,ETH,120.0,253333530.45000002
5646,1228,looksrare,16462753,WETH,69.58,144084858.27249023
5650,4940,blur,16461617,ETH,71.6400995,958093740.7384115
5656,1534,seaport,16459516,ETH,73.15,40871124.733824
5657,5,x2y2,16458771,ETH,194.2,67581739.05021
5661,9400,blur,16456875,ETH,75.0000155,3104369540.9820004
5671,8221,seaport,16456460,ETH,72.2,783577727.6096
5672,5462,looksrare,16454291,WETH,67.058362,680295307.9259304
5684,5082,seaport,16450804,ETH,73.15,509706911.9374849
5685,1935,x2y2,16450754,ETH,74.0,36323858.979408
5686,1835,seaport,16450576,ETH,95.0,58538153.0606257
5687,298,seaport,16450457,WETH,92.0,280481237.2529999
5692,6407,looksrare,16449832,WETH,65.647848,5903764709.220001
5697,1847,looksrare,16449185,WETH,64.925,81586761624.576
5698,1612,x2y2,16449183,ETH,76.5,795248113.1400001
5701,5167,blur,16448641,ETH,65.67,24170845.198120173
5705,1326,blur,16447061,ETH,65.67,131202951.58631699
5709,9018,x2y2,16446170,ETH,96.0,948018576.3393947
5725,4552,looksrare,16442637,WETH,70.349986,253495845.95005444
5726,7443,seaport,16442586,ETH,130.055,597678184.7855
5734,3959,blur,16439112,ETH,65.9685,33286541.279145442
5736,8967,x2y2,16437362,ETH,65.5,219186134.268192
5737,9991,blur,16436939,ETH,70.253965,169599882.89470464
5738,9628,x2y2,16436512,ETH,76.0,110997507849.52322
5739,9541,x2y2,16436433,ETH,135.0,457725154.6159237
5740,9594,looksrare,16436366,WETH,68.0316,679925326.1289984
5748,5172,blur,16434320,ETH,68.1575,12658826330.304
5750,5663,blur,16433405,ETH,72.635,3148972.8308024816
5753,9234,blur,16430647,ETH,253.5,41599408.430999994
5754,4544,x2y2,16429512,ETH,85.0,745325613.9784
5755,3944,blur,16428634,ETH,71.1425,44691479239.67999
5757,5950,seaport,16428226,ETH,71.25,591560149.4920179
5759,3683,x2y2,16427734,ETH,72.0,11476600773.084
5760,9592,blur,16427616,ETH,69.72562,316733922.4445971
5762,284,blur,16426953,ETH,71.999991,297071485.8166809
5769,5465,seaport,16424547,WETH,70.1,92927502.50097601
5770,1856,blur,16424440,,66.35655,50588124974.091995
5773,4678,seaport,16422412,WETH,70.5,650496069.569618
5775,1863,x2y2,16421569,ETH,78.0,2108381273.8560004
5783,4025,x2y2,16419877,ETH,395.0,261724176000.00006
5784,4888,blur,16419655,ETH,69.79925,366638882.827224
5785,7910,x2y2,16419039,ETH,90.0,564909493590.0
5786,4392,x2y2,16418680,ETH,94.2069,1274888002080.0
5790,5943,x2y2,16416770,ETH,70.0,5452722304.785599
5793,4341,blur,16415247,ETH,75.0000155,125989817.8268083
5794,1886,blur,16414564,ETH,68.655,283303683.27221394
5799,408,x2y2,16413660,ETH,70.5,3177555747.5429215
5808,3256,seaport,16412424,ETH,76.475,5433679486.019399
5811,9815,x2y2,16411685,ETH,98.88,23079391.685038082
5813,3064,seaport,16410990,ETH,128.6496555,14245957.268524798
5818,6284,x2y2,16408623,ETH,80.0,9672435429.888002
5819,5407,seaport,16408602,WETH,75.0,44620342.421833575
5820,2237,x2y2,16407507,ETH,90.0,420273484487.99994
5845,1494,blur,16406485,,71.441,543626181.69552
5846,3961,blur,16405350,ETH,80.595,55908305.707023
5850,9830,seaport,16403272,ETH,90.25,5657962.122377499
5851,5276,seaport,16402487,ETH,73.15,3476653678.336
5854,32,x2y2,16401542,ETH,105.0,578907137.6488857
5856,131,x2y2,16401462,ETH,93.5,125048283849.21597
5874,9810,x2y2,16396726,ETH,85.0,541584553066.0991
5875,1965,seaport,16395136,ETH,86.6685,72630863854.16399
5881,4795,blur,16391145,ETH,76.615,38304128.1905832
5884,6651,blur,16390764,ETH,73.6101,342292357.2678998
5885,3059,blur,16390764,ETH,73.1325,1190563502.9172268
5886,9280,looksrare,16390232,WETH,77.388836,73868056.19676815
5888,9909,seaport,16389713,WETH,75.0,54406411.108684786
5889,440,looksrare,16389393,WETH,73.5,131925382.452864
5890,6868,seaport,16389352,ETH,77.989965,25970344807.68
5892,4687,x2y2,16388769,ETH,140.69,282769479299.99994
5902,3434,blur,16387933,,74.1275,100875872.1540096
5907,3291,seaport,16387582,WETH,79.7651,2438443691.4240003
5908,6784,blur,16387301,,77.95825,518098908.706704
5909,3520,blur,16387200,,78.1473,4473512389.3824
5910,6073,x2y2,16387053,ETH,83.8274,160590732.74711278
5912,9244,seaport,16386078,ETH,80.75,164224997.9196916
5913,7930,seaport,16384915,ETH,82.58502,2171173581.5795517
5915,127,blur,16384093,ETH,81.0726,5521248835.278001
5919,3712,blur,16381393,ETH,82.585,869631877.2004863
5922,2699,seaport,16378552,ETH,80.75,10681137.933536328
5923,1220,x2y2,16378276,ETH,81.0,5278024152.6684675
5925,7576,x2y2,16376345,ETH,200.0,5287288.610592
5926,3921,seaport,16375367,ETH,79.1635,80727661254.23997
5927,3010,seaport,16374634,WETH,82.5,968898327.75
5928,4184,x2y2,16374399,ETH,94.0,4965310162.19949
5930,2921,blur,16374021,ETH,84.9999645,1052783251.52
5931,5429,x2y2,16373901,ETH,130.0,108242688.4827557
5949,1977,looksrare,16367563,WETH,85.1424,266472904.98194796
5962,9119,blur,16366223,ETH,76.490028,75442280.00400001
5965,3412,blur,16365767,ETH,83.33125,4580394972.876801
5966,169,looksrare,16365568,WETH,82.284426,128276021.08882082
5967,4306,blur,16365441,ETH,80.595,4882024656.432002
5968,1331,blur,16365223,,78.605,64293560.46025919
5973,4086,looksrare,16362701,WETH,95.06,153639129.735936
5975,2725,blur,16362152,ETH,81.9681,1679256766.2960002
5979,4286,x2y2,16357613,ETH,82.80793,897434359.9148225
5981,8477,looksrare,16357438,WETH,115.999954,142616737725.0
5991,4377,seaport,16353712,ETH,95.0,137461722.86246398
5997,548,seaport,16349734,ETH,80.75,4736487.866743986
5999,9661,x2y2,16349461,ETH,80.0,5677167953.241625
6002,8501,blur,16349309,ETH,81.8025,23581000.55735424
6006,2771,seaport,16348814,ETH,87.4,7691842.5597
6007,3367,seaport,16348681,ETH,80.75,1090522062.4057343
6009,9619,x2y2,16348413,ETH,96.0,367046507519.99994
6013,8992,blur,16348112,ETH,80.08755,79483067.284896
6021,7993,seaport,16347379,ETH,83.6,298031560.7539046
6023,4506,x2y2,16347166,ETH,82.5,157301126.87493962
6036,6631,seaport,16346658,ETH,81.7,3800060.596665331
6043,9892,blur,16346337,ETH,83.9900395,314911171.235232
6047,2106,looksrare,16346082,WETH,155.758358,23250134.961493436
6051,6285,blur,16345064,ETH,81.4999525,13430977.0936848
6052,5819,seaport,16344469,ETH,156.75,15589157.460385598
6056,1579,blur,16343564,ETH,80.0975,301331942.78204167
6057,7078,blur,16343440,ETH,77.42493,928465931.9449613
6060,9607,x2y2,16342320,ETH,125.0,4610806409880.0
6061,2217,looksrare,16342086,WETH,78.89,2417564324.5424066
6064,8862,blur,16340753,ETH,79.6,4489922547.36
6067,3429,x2y2,16338659,ETH,148.0,90763579.26046321
6070,2684,x2y2,16336966,ETH,78.5,11025813.734421946
6093,4743,x2y2,16332218,ETH,300.0,6572120.163347199
6094,1271,looksrare,16331850,WETH,77.999964,4793201.712962975
6095,9257,looksrare,16331838,WETH,78.960462,34198503.9493248
6106,8267,seaport,16330078,ETH,79.8,63508580064.463196
6107,4913,blur,16328702,ETH,88.0,1468464940.8000002
6110,7093,looksrare,16328395,WETH,73.000004,11614509803.520002
6111,9904,x2y2,16328129,ETH,81.0,9088044692.9664
6112,7577,seaport,16327857,ETH,80.75,44933510764.8
6118,3655,blur,16327314,ETH,78.8699685,2234587541.4719996
6120,690,blur,16327050,ETH,91.9999885,2320942923.9611998
6121,1952,blur,16326796,ETH,86.25655,62477789.80668827
6124,7578,seaport,16325303,ETH,75.9905,3996278.8790335488
6128,5628,seaport,16325232,ETH,75.05,87765810.84041677
6136,3211,x2y2,16324753,ETH,82.0,11967593.78762394
6143,622,x2y2,16323536,ETH,89.0,4056014.1140736076
6155,4626,x2y2,16320740,ETH,86.0,257868314.6042497
6159,5577,blur,16320513,ETH,74.3,25128689468.09601
6162,6817,seaport,16320464,WETH,95.0,839846829.459456
6165,1624,blur,16319717,ETH,92.92,67928867.0854128
6166,1376,blur,16319376,ETH,82.7,4834421844.333901
6167,7400,blur,16318001,ETH,78.0,1103737410.042624
6172,1588,blur,16316830,ETH,77.922,2885019190.5024
6173,4135,blur,16316772,ETH,78.0,173198289968.0
6174,9519,seaport,16316584,ETH,75.887995,148315348.89513212
6175,7673,seaport,16316462,ETH,72.999995,78398980.71033597
6181,8705,seaport,16314798,ETH,76.95,23978460.12408
6184,7608,x2y2,16314058,ETH,71.3,3617489044.915199
6185,1286,seaport,16312934,ETH,75.990025,2615585.811357303
6191,2518,x2y2,16309196,ETH,72.0,393196454.14397997
6205,6152,x2y2,16305399,ETH,61.88,10234165.858963203
6208,7303,looksrare,16304614,WETH,78.4,20202964.91927999
6212,2657,x2y2,16302193,ETH,79.5813,1870850.2179783776
6220,1402,looksrare,16301313,WETH,69.825,389150295.0500879
6222,6658,blur,16300506,,68.0,192763222.4975276
6235,3089,blur,16295403,ETH,94.8999675,19277320.98600001
6239,3097,x2y2,16292909,ETH,80.0,2815190012.3796
6249,9170,seaport,16291436,WETH,76.5,2182196886.4191284
6268,9698,x2y2,16291265,ETH,76.5,296323102.73167205
6270,9245,looksrare,16289879,WETH,78.4,77232546.75255841
6274,7558,blur,16288477,ETH,79.0,44689764335.897606
6276,9622,blur,16287388,ETH,77.0,41878811290.62399
6277,5984,seaport,16287320,ETH,80.75,1196205370.1402109
6278,8363,seaport,16286780,ETH,88.35,5924641.655265932
6279,5144,seaport,16286753,ETH,77.9,1009685925.448831
6286,4132,blur,16285465,ETH,85.0,93673924.5701376
6287,2538,blur,16285465,ETH,85.0,37809750.13687872
6289,283,blur,16285117,ETH,80.8888,1847968812.693432
6292,6938,x2y2,16284241,ETH,114.0,4358227.826223557
6294,5117,seaport,16283037,ETH,79.8,149601028.2255552
6296,6105,looksrare,16282812,WETH,102.9,138646333.75057918
6311,9615,seaport,16279437,ETH,77.249915,65979618.92660881
6312,1800,seaport,16279278,ETH,76.3496,38920719.00031452
6314,8700,seaport,16278658,ETH,73.1025,1309835025.72
6320,5216,looksrare,16278175,WETH,82.9962,47564880.22771753
6333,5974,blur,16276173,ETH,73.73,81716200.84201264
6340,7426,blur,16274261,ETH,73.125,1243040911.871774
6349,1958,blur,16273896,ETH,73.11525,1381683920.8199997
6350,9019,blur,16273893,ETH,73.5,1358851288.4971313
6360,4970,looksrare,16273185,WETH,70.462,1258384365.878112
6361,2193,blur,16272888,ETH,71.5101,230580442.86631197
6362,2673,x2y2,16272033,ETH,77.5,1865727115.1092796
6363,9568,looksrare,16271969,WETH,70.462,108664255.104867
6364,6866,seaport,16271471,ETH,105.45,312693257183.99994
6367,2463,x2y2,16271062,ETH,73.5,42012414.203760006
6370,687,seaport,16269103,ETH,74.1,80915975.38358206
6371,1301,blur,16265849,ETH,109.69,12025214263.295998
6375,4316,seaport,16264350,ETH,84.55,555944948.769408
6377,8069,blur,16262041,ETH,69.6,3594194255.4935784
6378,6217,blur,16261952,ETH,67.275,6521098545.561601
6382,57,looksrare,16260203,WETH,73.304,10799250.692812981
6387,2307,blur,16259276,ETH,77.98,10030539.342681
6388,1814,blur,16259008,ETH,69.5,704822294.284923
6394,4355,blur,16258053,ETH,88.0,622295201792.0001
6402,5817,blur,16257115,ETH,70.99,1624157636.99245
6403,1179,seaport,16257066,WETH,58.0,7075612321.469999
6404,6940,seaport,16257057,WETH,62.0,7297691930.759997
6426,7829,x2y2,16253342,ETH,74.0,268228147.47821406
6435,1334,blur,16252176,ETH,69.99,31097668.776146714
6443,9732,blur,16250562,ETH,71.24,4300904724.4800005
6460,9459,blur,16249722,,71.39,17959661.550230395
6484,4417,blur,16248465,ETH,79.95,542242142.5710081
6485,6081,seaport,16248377,ETH,76.0,23889030.509735998
6488,4267,seaport,16248251,ETH,71.25,253543964.254848
6491,3336,looksrare,16247707,WETH,71.442,734779282.168285
6493,2877,blur,16247571,ETH,65.99,2070196848.7199998
6504,9614,looksrare,16244857,WETH,76.76634,17469138.98355648
6507,7378,blur,16243595,ETH,69.69,74483976.85345419
6518,241,seaport,16243023,ETH,66.5,89286910.129665
6528,3900,x2y2,16241945,ETH,68.0,986133740.25888
6532,2825,blur,16239000,ETH,68.66,3723054701.0248795
6539,4022,x2y2,16237210,ETH,67.75,518542029.837936
6546,3154,blur,16236008,ETH,68.7,861691702.0182425
6547,4783,blur,16235996,,65.8,581549.8553043378
6557,1603,blur,16234352,ETH,125.0,991261436.4576
6563,2420,x2y2,16233757,ETH,90.0,2722785048.4463987
6565,3325,x2y2,16233190,ETH,77.0,226931555.68614724
6567,575,looksrare,16231808,WETH,66.323166,41128849.318511054
6569,591,x2y2,16231412,ETH,250.0,996284631.6191998
6634,967,looksrare,16227109,WETH,70.679952,35305302.05664001
6672,1296,blur,16224341,ETH,65.11,46088460491.673584
6692,9235,x2y2,16222063,ETH,65.7,7695846233.152
6701,9744,x2y2,16221065,ETH,56.25,1150546994.2343917
6714,2416,x2y2,16219783,ETH,72.0,4211371.788624
6734,3910,seaport,16214923,ETH,64.6,8142236424.42
6735,1878,seaport,16214916,WETH,35.0,187812.80258328628
6736,7609,x2y2,16214901,ETH,120.0,40895364.205696
6741,3114,x2y2,16213858,ETH,75.0,691948856.4258817
6758,9399,blur,16212178,ETH,69.69,17608777121.145596
6791,173,looksrare,16209292,WETH,69.58,1312024200.7014914
6793,1971,blur,16209264,ETH,65.11,102484796.82819839
6809,3596,looksrare,16208225,WETH,69.531,5777025353.879998
6875,3844,seaport,16202106,ETH,75.9905,6903248571.648002
6886,7282,seaport,16201884,WETH,79.1,7961984.405575199
6895,6582,looksrare,16201014,WETH,66.3362,249065298.50324458
6898,4434,seaport,16200371,ETH,77.9,125533627.73360638
6902,8695,looksrare,16199853,WETH,69.041,1493646723.8
6903,8393,x2y2,16199727,ETH,66.33,71110686.4230312
6904,8816,x2y2,16199674,ETH,125.0,1589385978180.0
6905,5696,looksrare,16199494,WETH,71.4175,35559245.51704604
6910,5221,seaport,16199029,ETH,72.000025,5475961358.061122
6917,3908,looksrare,16197952,WETH,71.4175,81625694.12199973
6924,5108,looksrare,16196281,WETH,71.4175,67219561.28032525
6932,935,blur,16195181,ETH,65.03,18866233108.007996
6940,527,seaport,16192472,ETH,64.0205,154619804.78007838
6944,532,looksrare,16191901,WETH,63.847,14621085484.543999
6965,9952,looksrare,16189850,WETH,71.05,230624849.17766336
6989,2846,seaport,16186811,ETH,72.2,13334926.19979595
